/* SPDX-License-Identifier: (LGPL-2.1 OR BSD-2-Clause) */

/* THIS FILE IS AUTOGENERATED BY BPFTOOL! */
#ifndef __EPTRACER_BPF_SKEL_H__
#define __EPTRACER_BPF_SKEL_H__

#include <errno.h>
#include <stdlib.h>
#include <bpf/libbpf.h>

#define BPF_SKEL_SUPPORTS_MAP_AUTO_ATTACH 1

struct eptracer_bpf {
	struct bpf_object_skeleton *skeleton;
	struct bpf_object *obj;
	struct {
		struct bpf_map *stackdata_map;
		struct bpf_map *perfmap;
		struct bpf_map *syscall_rb_map;
		struct bpf_map *program_map;
		struct bpf_map *syscall_map;
		struct bpf_map *rodata;
		struct bpf_map *rodata_str1_1;
	} maps;
	struct {
		struct bpf_program *get_stacktrace;
		struct bpf_program *terminate_ptrace_based_debugger;
		struct bpf_program *read_decode;
		struct bpf_program *execve_decode;
		struct bpf_program *fork_decode;
		struct bpf_program *clone_decode;
		struct bpf_program *mprotect_decode;
		struct bpf_program *openat_decode;
		struct bpf_program *open_decode;
		struct bpf_program *mmap_decode;
		struct bpf_program *write_decode;
		struct bpf_program *chown_decode;
		struct bpf_program *mount_decode;
		struct bpf_program *umount_decode;
		struct bpf_program *binder_ioctl_decode;
		struct bpf_program *setuid_decode;
		struct bpf_program *setgid_decode;
		struct bpf_program *capset_decode;
		struct bpf_program *prctl_decode;
		struct bpf_program *keyctl_decode;
	} progs;
	struct {
		struct bpf_link *get_stacktrace;
		struct bpf_link *terminate_ptrace_based_debugger;
		struct bpf_link *read_decode;
		struct bpf_link *execve_decode;
		struct bpf_link *fork_decode;
		struct bpf_link *clone_decode;
		struct bpf_link *mprotect_decode;
		struct bpf_link *openat_decode;
		struct bpf_link *open_decode;
		struct bpf_link *mmap_decode;
		struct bpf_link *write_decode;
		struct bpf_link *chown_decode;
		struct bpf_link *mount_decode;
		struct bpf_link *umount_decode;
		struct bpf_link *binder_ioctl_decode;
		struct bpf_link *setuid_decode;
		struct bpf_link *setgid_decode;
		struct bpf_link *capset_decode;
		struct bpf_link *prctl_decode;
		struct bpf_link *keyctl_decode;
	} links;

#ifdef __cplusplus
	static inline struct eptracer_bpf *open(const struct bpf_object_open_opts *opts = nullptr);
	static inline struct eptracer_bpf *open_and_load();
	static inline int load(struct eptracer_bpf *skel);
	static inline int attach(struct eptracer_bpf *skel);
	static inline void detach(struct eptracer_bpf *skel);
	static inline void destroy(struct eptracer_bpf *skel);
	static inline const void *elf_bytes(size_t *sz);
#endif /* __cplusplus */
};

static void
eptracer_bpf__destroy(struct eptracer_bpf *obj)
{
	if (!obj)
		return;
	if (obj->skeleton)
		bpf_object__destroy_skeleton(obj->skeleton);
	free(obj);
}

static inline int
eptracer_bpf__create_skeleton(struct eptracer_bpf *obj);

static inline struct eptracer_bpf *
eptracer_bpf__open_opts(const struct bpf_object_open_opts *opts)
{
	struct eptracer_bpf *obj;
	int err;

	obj = (struct eptracer_bpf *)calloc(1, sizeof(*obj));
	if (!obj) {
		errno = ENOMEM;
		return NULL;
	}

	err = eptracer_bpf__create_skeleton(obj);
	if (err)
		goto err_out;

	err = bpf_object__open_skeleton(obj->skeleton, opts);
	if (err)
		goto err_out;

	return obj;
err_out:
	eptracer_bpf__destroy(obj);
	errno = -err;
	return NULL;
}

static inline struct eptracer_bpf *
eptracer_bpf__open(void)
{
	return eptracer_bpf__open_opts(NULL);
}

static inline int
eptracer_bpf__load(struct eptracer_bpf *obj)
{
	return bpf_object__load_skeleton(obj->skeleton);
}

static inline struct eptracer_bpf *
eptracer_bpf__open_and_load(void)
{
	struct eptracer_bpf *obj;
	int err;

	obj = eptracer_bpf__open();
	if (!obj)
		return NULL;
	err = eptracer_bpf__load(obj);
	if (err) {
		eptracer_bpf__destroy(obj);
		errno = -err;
		return NULL;
	}
	return obj;
}

static inline int
eptracer_bpf__attach(struct eptracer_bpf *obj)
{
	return bpf_object__attach_skeleton(obj->skeleton);
}

static inline void
eptracer_bpf__detach(struct eptracer_bpf *obj)
{
	bpf_object__detach_skeleton(obj->skeleton);
}

static inline const void *eptracer_bpf__elf_bytes(size_t *sz);

static inline int
eptracer_bpf__create_skeleton(struct eptracer_bpf *obj)
{
	struct bpf_object_skeleton *s;
	struct bpf_map_skeleton *map __attribute__((unused));
	int err;

	s = (struct bpf_object_skeleton *)calloc(1, sizeof(*s));
	if (!s)	{
		err = -ENOMEM;
		goto err;
	}

	s->sz = sizeof(*s);
	s->name = "eptracer_bpf";
	s->obj = &obj->obj;

	/* maps */
	s->map_cnt = 7;
	s->map_skel_sz = 24;
	s->maps = (struct bpf_map_skeleton *)calloc(s->map_cnt,
			sizeof(*s->maps) > 24 ? sizeof(*s->maps) : 24);
	if (!s->maps) {
		err = -ENOMEM;
		goto err;
	}

	map = (struct bpf_map_skeleton *)((char *)s->maps + 0 * s->map_skel_sz);
	map->name = "stackdata_map";
	map->map = &obj->maps.stackdata_map;

	map = (struct bpf_map_skeleton *)((char *)s->maps + 1 * s->map_skel_sz);
	map->name = "perfmap";
	map->map = &obj->maps.perfmap;

	map = (struct bpf_map_skeleton *)((char *)s->maps + 2 * s->map_skel_sz);
	map->name = "syscall_rb_map";
	map->map = &obj->maps.syscall_rb_map;

	map = (struct bpf_map_skeleton *)((char *)s->maps + 3 * s->map_skel_sz);
	map->name = "program_map";
	map->map = &obj->maps.program_map;

	map = (struct bpf_map_skeleton *)((char *)s->maps + 4 * s->map_skel_sz);
	map->name = "syscall_map";
	map->map = &obj->maps.syscall_map;

	map = (struct bpf_map_skeleton *)((char *)s->maps + 5 * s->map_skel_sz);
	map->name = "eptracer.rodata";
	map->map = &obj->maps.rodata;

	map = (struct bpf_map_skeleton *)((char *)s->maps + 6 * s->map_skel_sz);
	map->name = ".rodata.str1.1";
	map->map = &obj->maps.rodata_str1_1;

	/* programs */
	s->prog_cnt = 20;
	s->prog_skel_sz = sizeof(*s->progs);
	s->progs = (struct bpf_prog_skeleton *)calloc(s->prog_cnt, s->prog_skel_sz);
	if (!s->progs) {
		err = -ENOMEM;
		goto err;
	}

	s->progs[0].name = "get_stacktrace";
	s->progs[0].prog = &obj->progs.get_stacktrace;
	s->progs[0].link = &obj->links.get_stacktrace;

	s->progs[1].name = "terminate_ptrace_based_debugger";
	s->progs[1].prog = &obj->progs.terminate_ptrace_based_debugger;
	s->progs[1].link = &obj->links.terminate_ptrace_based_debugger;

	s->progs[2].name = "read_decode";
	s->progs[2].prog = &obj->progs.read_decode;
	s->progs[2].link = &obj->links.read_decode;

	s->progs[3].name = "execve_decode";
	s->progs[3].prog = &obj->progs.execve_decode;
	s->progs[3].link = &obj->links.execve_decode;

	s->progs[4].name = "fork_decode";
	s->progs[4].prog = &obj->progs.fork_decode;
	s->progs[4].link = &obj->links.fork_decode;

	s->progs[5].name = "clone_decode";
	s->progs[5].prog = &obj->progs.clone_decode;
	s->progs[5].link = &obj->links.clone_decode;

	s->progs[6].name = "mprotect_decode";
	s->progs[6].prog = &obj->progs.mprotect_decode;
	s->progs[6].link = &obj->links.mprotect_decode;

	s->progs[7].name = "openat_decode";
	s->progs[7].prog = &obj->progs.openat_decode;
	s->progs[7].link = &obj->links.openat_decode;

	s->progs[8].name = "open_decode";
	s->progs[8].prog = &obj->progs.open_decode;
	s->progs[8].link = &obj->links.open_decode;

	s->progs[9].name = "mmap_decode";
	s->progs[9].prog = &obj->progs.mmap_decode;
	s->progs[9].link = &obj->links.mmap_decode;

	s->progs[10].name = "write_decode";
	s->progs[10].prog = &obj->progs.write_decode;
	s->progs[10].link = &obj->links.write_decode;

	s->progs[11].name = "chown_decode";
	s->progs[11].prog = &obj->progs.chown_decode;
	s->progs[11].link = &obj->links.chown_decode;

	s->progs[12].name = "mount_decode";
	s->progs[12].prog = &obj->progs.mount_decode;
	s->progs[12].link = &obj->links.mount_decode;

	s->progs[13].name = "umount_decode";
	s->progs[13].prog = &obj->progs.umount_decode;
	s->progs[13].link = &obj->links.umount_decode;

	s->progs[14].name = "binder_ioctl_decode";
	s->progs[14].prog = &obj->progs.binder_ioctl_decode;
	s->progs[14].link = &obj->links.binder_ioctl_decode;

	s->progs[15].name = "setuid_decode";
	s->progs[15].prog = &obj->progs.setuid_decode;
	s->progs[15].link = &obj->links.setuid_decode;

	s->progs[16].name = "setgid_decode";
	s->progs[16].prog = &obj->progs.setgid_decode;
	s->progs[16].link = &obj->links.setgid_decode;

	s->progs[17].name = "capset_decode";
	s->progs[17].prog = &obj->progs.capset_decode;
	s->progs[17].link = &obj->links.capset_decode;

	s->progs[18].name = "prctl_decode";
	s->progs[18].prog = &obj->progs.prctl_decode;
	s->progs[18].link = &obj->links.prctl_decode;

	s->progs[19].name = "keyctl_decode";
	s->progs[19].prog = &obj->progs.keyctl_decode;
	s->progs[19].link = &obj->links.keyctl_decode;

	s->data = eptracer_bpf__elf_bytes(&s->data_sz);

	obj->skeleton = s;
	return 0;
err:
	bpf_object__destroy_skeleton(s);
	return err;
}

static inline const void *eptracer_bpf__elf_bytes(size_t *sz)
{
	static const char data[] __attribute__((__aligned__(8))) = "\
\x7f\x45\x4c\x46\x02\x01\x01\0\0\0\0\0\0\0\0\0\x01\0\xf7\0\x01\0\0\0\0\0\0\0\0\
\0\0\0\0\0\0\0\0\0\0\0\0\xae\0\0\0\0\0\0\0\0\0\0\x40\0\0\0\0\0\x40\0\x31\0\x01\
\0\0\x2e\x73\x74\x72\x74\x61\x62\0\x2e\x73\x79\x6d\x74\x61\x62\0\x70\x65\x72\
\x66\x5f\x65\x76\x65\x6e\x74\0\x74\x72\x61\x63\x65\x70\x6f\x69\x6e\x74\x2f\x73\
\x79\x73\x63\x61\x6c\x6c\x73\x2f\x73\x79\x73\x5f\x65\x6e\x74\x65\x72\x5f\x70\
\x74\x72\x61\x63\x65\0\x74\x72\x61\x63\x65\x70\x6f\x69\x6e\x74\x2f\x73\x79\x73\
\x63\x61\x6c\x6c\x73\x2f\x73\x79\x73\x5f\x65\x6e\x74\x65\x72\x5f\x72\x65\x61\
\x64\0\x74\x72\x61\x63\x65\x70\x6f\x69\x6e\x74\x2f\x73\x79\x73\x63\x61\x6c\x6c\
\x73\x2f\x73\x79\x73\x5f\x65\x6e\x74\x65\x72\x5f\x65\x78\x65\x63\x76\x65\0\x74\
\x72\x61\x63\x65\x70\x6f\x69\x6e\x74\x2f\x73\x79\x73\x63\x61\x6c\x6c\x73\x2f\
\x73\x79\x73\x5f\x65\x6e\x74\x65\x72\x5f\x66\x6f\x72\x6b\0\x74\x72\x61\x63\x65\
\x70\x6f\x69\x6e\x74\x2f\x73\x79\x73\x63\x61\x6c\x6c\x73\x2f\x73\x79\x73\x5f\
\x65\x6e\x74\x65\x72\x5f\x63\x6c\x6f\x6e\x65\0\x74\x72\x61\x63\x65\x70\x6f\x69\
\x6e\x74\x2f\x73\x79\x73\x63\x61\x6c\x6c\x73\x2f\x73\x79\x73\x5f\x65\x6e\x74\
\x65\x72\x5f\x6d\x70\x72\x6f\x74\x65\x63\x74\0\x74\x72\x61\x63\x65\x70\x6f\x69\
\x6e\x74\x2f\x73\x79\x73\x63\x61\x6c\x6c\x73\x2f\x73\x79\x73\x5f\x65\x6e\x74\
\x65\x72\x5f\x6f\x70\x65\x6e\x61\x74\0\x74\x72\x61\x63\x65\x70\x6f\x69\x6e\x74\
\x2f\x73\x79\x73\x63\x61\x6c\x6c\x73\x2f\x73\x79\x73\x5f\x65\x6e\x74\x65\x72\
\x5f\x6f\x70\x65\x6e\0\x74\x72\x61\x63\x65\x70\x6f\x69\x6e\x74\x2f\x73\x79\x73\
\x63\x61\x6c\x6c\x73\x2f\x73\x79\x73\x5f\x65\x6e\x74\x65\x72\x5f\x6d\x6d\x61\
\x70\0\x74\x72\x61\x63\x65\x70\x6f\x69\x6e\x74\x2f\x73\x79\x73\x63\x61\x6c\x6c\
\x73\x2f\x73\x79\x73\x5f\x65\x6e\x74\x65\x72\x5f\x77\x72\x69\x74\x65\0\x74\x72\
\x61\x63\x65\x70\x6f\x69\x6e\x74\x2f\x73\x79\x73\x63\x61\x6c\x6c\x73\x2f\x73\
\x79\x73\x5f\x65\x6e\x74\x65\x72\x5f\x63\x68\x6f\x77\x6e\0\x74\x72\x61\x63\x65\
\x70\x6f\x69\x6e\x74\x2f\x73\x79\x73\x63\x61\x6c\x6c\x73\x2f\x73\x79\x73\x5f\
\x65\x6e\x74\x65\x72\x5f\x6d\x6f\x75\x6e\x74\0\x74\x72\x61\x63\x65\x70\x6f\x69\
\x6e\x74\x2f\x73\x79\x73\x63\x61\x6c\x6c\x73\x2f\x73\x79\x73\x5f\x65\x6e\x74\
\x65\x72\x5f\x75\x6d\x6f\x75\x6e\x74\0\x74\x72\x61\x63\x65\x70\x6f\x69\x6e\x74\
\x2f\x73\x79\x73\x63\x61\x6c\x6c\x73\x2f\x73\x79\x73\x5f\x65\x6e\x74\x65\x72\
\x5f\x69\x6f\x63\x74\x6c\0\x74\x72\x61\x63\x65\x70\x6f\x69\x6e\x74\x2f\x73\x79\
\x73\x63\x61\x6c\x6c\x73\x2f\x73\x79\x73\x5f\x65\x6e\x74\x65\x72\x5f\x73\x65\
\x74\x75\x69\x64\0\x74\x72\x61\x63\x65\x70\x6f\x69\x6e\x74\x2f\x73\x79\x73\x63\
\x61\x6c\x6c\x73\x2f\x73\x79\x73\x5f\x65\x6e\x74\x65\x72\x5f\x73\x65\x74\x67\
\x69\x64\0\x74\x72\x61\x63\x65\x70\x6f\x69\x6e\x74\x2f\x73\x79\x73\x63\x61\x6c\
\x6c\x73\x2f\x73\x79\x73\x5f\x65\x6e\x74\x65\x72\x5f\x63\x61\x70\x73\x65\x74\0\
\x74\x72\x61\x63\x65\x70\x6f\x69\x6e\x74\x2f\x73\x79\x73\x63\x61\x6c\x6c\x73\
\x2f\x73\x79\x73\x5f\x65\x6e\x74\x65\x72\x5f\x70\x72\x63\x74\x6c\0\x74\x72\x61\
\x63\x65\x70\x6f\x69\x6e\x74\x2f\x73\x79\x73\x63\x61\x6c\x6c\x73\x2f\x73\x79\
\x73\x5f\x65\x6e\x74\x65\x72\x5f\x6b\x65\x79\x63\x74\x6c\0\x2e\x6d\x61\x70\x73\
\0\x2e\x72\x6f\x64\x61\x74\x61\0\x2e\x72\x6f\x64\x61\x74\x61\x2e\x73\x74\x72\
\x31\x2e\x31\0\x6c\x69\x63\x65\x6e\x73\x65\0\x65\x70\x74\x72\x61\x63\x65\x72\
\x2e\x62\x70\x66\x2e\x63\0\x4c\x42\x42\x30\x5f\x32\x30\0\x4c\x42\x42\x30\x5f\
\x33\0\x69\x73\x5f\x74\x61\x72\x67\x65\x74\x5f\x70\x72\x6f\x67\x72\x61\x6d\x2e\
\x5f\x5f\x5f\x5f\x66\x6d\x74\0\x4c\x42\x42\x30\x5f\x35\0\x69\x73\x5f\x74\x61\
\x72\x67\x65\x74\x5f\x70\x72\x6f\x67\x72\x61\x6d\x2e\x5f\x5f\x5f\x5f\x66\x6d\
\x74\x2e\x33\0\x4c\x42\x42\x30\x5f\x36\0\x4c\x42\x42\x30\x5f\x39\0\x4c\x42\x42\
\x30\x5f\x31\x36\0\x4c\x42\x42\x30\x5f\x38\0\x4c\x42\x42\x30\x5f\x31\x31\0\x4c\
\x42\x42\x30\x5f\x31\x33\0\x4c\x42\x42\x30\x5f\x31\x35\0\x4c\x42\x42\x30\x5f\
\x31\x39\0\x67\x65\x74\x5f\x73\x74\x61\x63\x6b\x74\x72\x61\x63\x65\x2e\x5f\x5f\
\x5f\x5f\x66\x6d\x74\x2e\x31\0\x4c\x42\x42\x31\x5f\x32\0\x4c\x42\x42\x32\x5f\
\x32\0\x4c\x42\x42\x32\x5f\x31\x38\0\x4c\x42\x42\x32\x5f\x34\0\x4c\x42\x42\x32\
\x5f\x35\0\x4c\x42\x42\x32\x5f\x38\0\x4c\x42\x42\x32\x5f\x31\x35\0\x4c\x42\x42\
\x32\x5f\x37\0\x4c\x42\x42\x32\x5f\x31\x30\0\x4c\x42\x42\x32\x5f\x31\x32\0\x4c\
\x42\x42\x32\x5f\x31\x34\0\x4c\x42\x42\x33\x5f\x32\0\x4c\x42\x42\x33\x5f\x32\
\x30\0\x4c\x42\x42\x33\x5f\x34\0\x4c\x42\x42\x33\x5f\x35\0\x4c\x42\x42\x33\x5f\
\x38\0\x4c\x42\x42\x33\x5f\x31\x35\0\x4c\x42\x42\x33\x5f\x37\0\x4c\x42\x42\x33\
\x5f\x31\x30\0\x4c\x42\x42\x33\x5f\x31\x32\0\x4c\x42\x42\x33\x5f\x31\x34\0\x4c\
\x42\x42\x33\x5f\x31\x39\0\x4c\x42\x42\x34\x5f\x32\0\x4c\x42\x42\x34\x5f\x31\
\x38\0\x4c\x42\x42\x34\x5f\x34\0\x4c\x42\x42\x34\x5f\x35\0\x4c\x42\x42\x34\x5f\
\x38\0\x4c\x42\x42\x34\x5f\x31\x35\0\x4c\x42\x42\x34\x5f\x37\0\x4c\x42\x42\x34\
\x5f\x31\x30\0\x4c\x42\x42\x34\x5f\x31\x32\0\x4c\x42\x42\x34\x5f\x31\x34\0\x4c\
\x42\x42\x35\x5f\x32\0\x4c\x42\x42\x35\x5f\x31\x38\0\x4c\x42\x42\x35\x5f\x34\0\
\x4c\x42\x42\x35\x5f\x35\0\x4c\x42\x42\x35\x5f\x38\0\x4c\x42\x42\x35\x5f\x31\
\x35\0\x4c\x42\x42\x35\x5f\x37\0\x4c\x42\x42\x35\x5f\x31\x30\0\x4c\x42\x42\x35\
\x5f\x31\x32\0\x4c\x42\x42\x35\x5f\x31\x34\0\x4c\x42\x42\x36\x5f\x32\0\x4c\x42\
\x42\x36\x5f\x31\x38\0\x4c\x42\x42\x36\x5f\x34\0\x4c\x42\x42\x36\x5f\x35\0\x4c\
\x42\x42\x36\x5f\x38\0\x4c\x42\x42\x36\x5f\x31\x35\0\x4c\x42\x42\x36\x5f\x37\0\
\x4c\x42\x42\x36\x5f\x31\x30\0\x4c\x42\x42\x36\x5f\x31\x32\0\x4c\x42\x42\x36\
\x5f\x31\x34\0\x4c\x42\x42\x37\x5f\x32\0\x4c\x42\x42\x37\x5f\x32\x30\0\x4c\x42\
\x42\x37\x5f\x34\0\x4c\x42\x42\x37\x5f\x35\0\x4c\x42\x42\x37\x5f\x38\0\x4c\x42\
\x42\x37\x5f\x31\x35\0\x4c\x42\x42\x37\x5f\x37\0\x4c\x42\x42\x37\x5f\x31\x30\0\
\x4c\x42\x42\x37\x5f\x31\x32\0\x4c\x42\x42\x37\x5f\x31\x34\0\x4c\x42\x42\x37\
\x5f\x31\x39\0\x4c\x42\x42\x38\x5f\x32\0\x6f\x70\x65\x6e\x5f\x64\x65\x63\x6f\
\x64\x65\x2e\x5f\x5f\x5f\x5f\x66\x6d\x74\0\x4c\x42\x42\x38\x5f\x33\0\x6f\x70\
\x65\x6e\x5f\x64\x65\x63\x6f\x64\x65\x2e\x5f\x5f\x5f\x5f\x66\x6d\x74\x2e\x32\0\
\x4c\x42\x42\x39\x5f\x32\0\x4c\x42\x42\x39\x5f\x31\x38\0\x4c\x42\x42\x39\x5f\
\x34\0\x4c\x42\x42\x39\x5f\x35\0\x4c\x42\x42\x39\x5f\x38\0\x4c\x42\x42\x39\x5f\
\x31\x35\0\x4c\x42\x42\x39\x5f\x37\0\x4c\x42\x42\x39\x5f\x31\x30\0\x4c\x42\x42\
\x39\x5f\x31\x32\0\x4c\x42\x42\x39\x5f\x31\x34\0\x4c\x42\x42\x31\x30\x5f\x32\0\
\x4c\x42\x42\x31\x30\x5f\x31\x38\0\x4c\x42\x42\x31\x30\x5f\x34\0\x4c\x42\x42\
\x31\x30\x5f\x35\0\x4c\x42\x42\x31\x30\x5f\x38\0\x4c\x42\x42\x31\x30\x5f\x31\
\x35\0\x4c\x42\x42\x31\x30\x5f\x37\0\x4c\x42\x42\x31\x30\x5f\x31\x30\0\x4c\x42\
\x42\x31\x30\x5f\x31\x32\0\x4c\x42\x42\x31\x30\x5f\x31\x34\0\x4c\x42\x42\x31\
\x31\x5f\x32\0\x4c\x42\x42\x31\x31\x5f\x32\x30\0\x4c\x42\x42\x31\x31\x5f\x34\0\
\x4c\x42\x42\x31\x31\x5f\x35\0\x4c\x42\x42\x31\x31\x5f\x38\0\x4c\x42\x42\x31\
\x31\x5f\x31\x35\0\x4c\x42\x42\x31\x31\x5f\x37\0\x4c\x42\x42\x31\x31\x5f\x31\
\x30\0\x4c\x42\x42\x31\x31\x5f\x31\x32\0\x4c\x42\x42\x31\x31\x5f\x31\x34\0\x4c\
\x42\x42\x31\x31\x5f\x31\x39\0\x4c\x42\x42\x31\x32\x5f\x32\0\x4c\x42\x42\x31\
\x32\x5f\x31\x38\0\x4c\x42\x42\x31\x32\x5f\x34\0\x4c\x42\x42\x31\x32\x5f\x35\0\
\x4c\x42\x42\x31\x32\x5f\x38\0\x4c\x42\x42\x31\x32\x5f\x31\x35\0\x4c\x42\x42\
\x31\x32\x5f\x37\0\x4c\x42\x42\x31\x32\x5f\x31\x30\0\x4c\x42\x42\x31\x32\x5f\
\x31\x32\0\x4c\x42\x42\x31\x32\x5f\x31\x34\0\x4c\x42\x42\x31\x33\x5f\x32\0\x4c\
\x42\x42\x31\x33\x5f\x32\x30\0\x4c\x42\x42\x31\x33\x5f\x34\0\x4c\x42\x42\x31\
\x33\x5f\x35\0\x4c\x42\x42\x31\x33\x5f\x38\0\x4c\x42\x42\x31\x33\x5f\x31\x35\0\
\x4c\x42\x42\x31\x33\x5f\x37\0\x4c\x42\x42\x31\x33\x5f\x31\x30\0\x4c\x42\x42\
\x31\x33\x5f\x31\x32\0\x4c\x42\x42\x31\x33\x5f\x31\x34\0\x4c\x42\x42\x31\x33\
\x5f\x31\x39\0\x4c\x42\x42\x31\x34\x5f\x32\0\x4c\x42\x42\x31\x34\x5f\x31\x38\0\
\x4c\x42\x42\x31\x34\x5f\x34\0\x4c\x42\x42\x31\x34\x5f\x35\0\x4c\x42\x42\x31\
\x34\x5f\x38\0\x4c\x42\x42\x31\x34\x5f\x31\x35\0\x4c\x42\x42\x31\x34\x5f\x37\0\
\x4c\x42\x42\x31\x34\x5f\x31\x30\0\x4c\x42\x42\x31\x34\x5f\x31\x32\0\x4c\x42\
\x42\x31\x34\x5f\x31\x34\0\x4c\x42\x42\x31\x35\x5f\x32\0\x4c\x42\x42\x31\x35\
\x5f\x31\x38\0\x4c\x42\x42\x31\x35\x5f\x34\0\x4c\x42\x42\x31\x35\x5f\x35\0\x4c\
\x42\x42\x31\x35\x5f\x38\0\x4c\x42\x42\x31\x35\x5f\x31\x35\0\x4c\x42\x42\x31\
\x35\x5f\x37\0\x4c\x42\x42\x31\x35\x5f\x31\x30\0\x4c\x42\x42\x31\x35\x5f\x31\
\x32\0\x4c\x42\x42\x31\x35\x5f\x31\x34\0\x4c\x42\x42\x31\x36\x5f\x32\0\x4c\x42\
\x42\x31\x36\x5f\x31\x38\0\x4c\x42\x42\x31\x36\x5f\x34\0\x4c\x42\x42\x31\x36\
\x5f\x35\0\x4c\x42\x42\x31\x36\x5f\x38\0\x4c\x42\x42\x31\x36\x5f\x31\x35\0\x4c\
\x42\x42\x31\x36\x5f\x37\0\x4c\x42\x42\x31\x36\x5f\x31\x30\0\x4c\x42\x42\x31\
\x36\x5f\x31\x32\0\x4c\x42\x42\x31\x36\x5f\x31\x34\0\x4c\x42\x42\x31\x37\x5f\
\x32\0\x4c\x42\x42\x31\x37\x5f\x31\x38\0\x4c\x42\x42\x31\x37\x5f\x34\0\x4c\x42\
\x42\x31\x37\x5f\x35\0\x4c\x42\x42\x31\x37\x5f\x38\0\x4c\x42\x42\x31\x37\x5f\
\x31\x35\0\x4c\x42\x42\x31\x37\x5f\x37\0\x4c\x42\x42\x31\x37\x5f\x31\x30\0\x4c\
\x42\x42\x31\x37\x5f\x31\x32\0\x4c\x42\x42\x31\x37\x5f\x31\x34\0\x4c\x42\x42\
\x31\x38\x5f\x32\0\x4c\x42\x42\x31\x38\x5f\x31\x38\0\x4c\x42\x42\x31\x38\x5f\
\x34\0\x4c\x42\x42\x31\x38\x5f\x35\0\x4c\x42\x42\x31\x38\x5f\x38\0\x4c\x42\x42\
\x31\x38\x5f\x31\x35\0\x4c\x42\x42\x31\x38\x5f\x37\0\x4c\x42\x42\x31\x38\x5f\
\x31\x30\0\x4c\x42\x42\x31\x38\x5f\x31\x32\0\x4c\x42\x42\x31\x38\x5f\x31\x34\0\
\x4c\x42\x42\x31\x39\x5f\x32\0\x4c\x42\x42\x31\x39\x5f\x31\x38\0\x4c\x42\x42\
\x31\x39\x5f\x34\0\x4c\x42\x42\x31\x39\x5f\x35\0\x4c\x42\x42\x31\x39\x5f\x38\0\
\x4c\x42\x42\x31\x39\x5f\x31\x35\0\x4c\x42\x42\x31\x39\x5f\x37\0\x4c\x42\x42\
\x31\x39\x5f\x31\x30\0\x4c\x42\x42\x31\x39\x5f\x31\x32\0\x4c\x42\x42\x31\x39\
\x5f\x31\x34\0\x67\x65\x74\x5f\x73\x74\x61\x63\x6b\x74\x72\x61\x63\x65\0\x73\
\x74\x61\x63\x6b\x64\x61\x74\x61\x5f\x6d\x61\x70\0\x70\x72\x6f\x67\x72\x61\x6d\
\x5f\x6d\x61\x70\0\x70\x65\x72\x66\x6d\x61\x70\0\x74\x65\x72\x6d\x69\x6e\x61\
\x74\x65\x5f\x70\x74\x72\x61\x63\x65\x5f\x62\x61\x73\x65\x64\x5f\x64\x65\x62\
\x75\x67\x67\x65\x72\0\x73\x79\x73\x63\x61\x6c\x6c\x5f\x72\x62\x5f\x6d\x61\x70\
\0\x72\x65\x61\x64\x5f\x64\x65\x63\x6f\x64\x65\0\x65\x78\x65\x63\x76\x65\x5f\
\x64\x65\x63\x6f\x64\x65\0\x66\x6f\x72\x6b\x5f\x64\x65\x63\x6f\x64\x65\0\x63\
\x6c\x6f\x6e\x65\x5f\x64\x65\x63\x6f\x64\x65\0\x6d\x70\x72\x6f\x74\x65\x63\x74\
\x5f\x64\x65\x63\x6f\x64\x65\0\x6f\x70\x65\x6e\x61\x74\x5f\x64\x65\x63\x6f\x64\
\x65\0\x6f\x70\x65\x6e\x5f\x64\x65\x63\x6f\x64\x65\0\x6d\x6d\x61\x70\x5f\x64\
\x65\x63\x6f\x64\x65\0\x77\x72\x69\x74\x65\x5f\x64\x65\x63\x6f\x64\x65\0\x63\
\x68\x6f\x77\x6e\x5f\x64\x65\x63\x6f\x64\x65\0\x6d\x6f\x75\x6e\x74\x5f\x64\x65\
\x63\x6f\x64\x65\0\x75\x6d\x6f\x75\x6e\x74\x5f\x64\x65\x63\x6f\x64\x65\0\x62\
\x69\x6e\x64\x65\x72\x5f\x69\x6f\x63\x74\x6c\x5f\x64\x65\x63\x6f\x64\x65\0\x73\
\x65\x74\x75\x69\x64\x5f\x64\x65\x63\x6f\x64\x65\0\x73\x65\x74\x67\x69\x64\x5f\
\x64\x65\x63\x6f\x64\x65\0\x63\x61\x70\x73\x65\x74\x5f\x64\x65\x63\x6f\x64\x65\
\0\x70\x72\x63\x74\x6c\x5f\x64\x65\x63\x6f\x64\x65\0\x6b\x65\x79\x63\x74\x6c\
\x5f\x64\x65\x63\x6f\x64\x65\0\x5f\x6c\x69\x63\x65\x6e\x73\x65\0\x73\x79\x73\
\x63\x61\x6c\x6c\x5f\x6d\x61\x70\0\x2e\x72\x65\x6c\x70\x65\x72\x66\x5f\x65\x76\
\x65\x6e\x74\0\x2e\x72\x65\x6c\x74\x72\x61\x63\x65\x70\x6f\x69\x6e\x74\x2f\x73\
\x79\x73\x63\x61\x6c\x6c\x73\x2f\x73\x79\x73\x5f\x65\x6e\x74\x65\x72\x5f\x70\
\x74\x72\x61\x63\x65\0\x2e\x72\x65\x6c\x74\x72\x61\x63\x65\x70\x6f\x69\x6e\x74\
\x2f\x73\x79\x73\x63\x61\x6c\x6c\x73\x2f\x73\x79\x73\x5f\x65\x6e\x74\x65\x72\
\x5f\x72\x65\x61\x64\0\x2e\x72\x65\x6c\x74\x72\x61\x63\x65\x70\x6f\x69\x6e\x74\
\x2f\x73\x79\x73\x63\x61\x6c\x6c\x73\x2f\x73\x79\x73\x5f\x65\x6e\x74\x65\x72\
\x5f\x65\x78\x65\x63\x76\x65\0\x2e\x72\x65\x6c\x74\x72\x61\x63\x65\x70\x6f\x69\
\x6e\x74\x2f\x73\x79\x73\x63\x61\x6c\x6c\x73\x2f\x73\x79\x73\x5f\x65\x6e\x74\
\x65\x72\x5f\x66\x6f\x72\x6b\0\x2e\x72\x65\x6c\x74\x72\x61\x63\x65\x70\x6f\x69\
\x6e\x74\x2f\x73\x79\x73\x63\x61\x6c\x6c\x73\x2f\x73\x79\x73\x5f\x65\x6e\x74\
\x65\x72\x5f\x63\x6c\x6f\x6e\x65\0\x2e\x72\x65\x6c\x74\x72\x61\x63\x65\x70\x6f\
\x69\x6e\x74\x2f\x73\x79\x73\x63\x61\x6c\x6c\x73\x2f\x73\x79\x73\x5f\x65\x6e\
\x74\x65\x72\x5f\x6d\x70\x72\x6f\x74\x65\x63\x74\0\x2e\x72\x65\x6c\x74\x72\x61\
\x63\x65\x70\x6f\x69\x6e\x74\x2f\x73\x79\x73\x63\x61\x6c\x6c\x73\x2f\x73\x79\
\x73\x5f\x65\x6e\x74\x65\x72\x5f\x6f\x70\x65\x6e\x61\x74\0\x2e\x72\x65\x6c\x74\
\x72\x61\x63\x65\x70\x6f\x69\x6e\x74\x2f\x73\x79\x73\x63\x61\x6c\x6c\x73\x2f\
\x73\x79\x73\x5f\x65\x6e\x74\x65\x72\x5f\x6f\x70\x65\x6e\0\x2e\x72\x65\x6c\x74\
\x72\x61\x63\x65\x70\x6f\x69\x6e\x74\x2f\x73\x79\x73\x63\x61\x6c\x6c\x73\x2f\
\x73\x79\x73\x5f\x65\x6e\x74\x65\x72\x5f\x6d\x6d\x61\x70\0\x2e\x72\x65\x6c\x74\
\x72\x61\x63\x65\x70\x6f\x69\x6e\x74\x2f\x73\x79\x73\x63\x61\x6c\x6c\x73\x2f\
\x73\x79\x73\x5f\x65\x6e\x74\x65\x72\x5f\x77\x72\x69\x74\x65\0\x2e\x72\x65\x6c\
\x74\x72\x61\x63\x65\x70\x6f\x69\x6e\x74\x2f\x73\x79\x73\x63\x61\x6c\x6c\x73\
\x2f\x73\x79\x73\x5f\x65\x6e\x74\x65\x72\x5f\x63\x68\x6f\x77\x6e\0\x2e\x72\x65\
\x6c\x74\x72\x61\x63\x65\x70\x6f\x69\x6e\x74\x2f\x73\x79\x73\x63\x61\x6c\x6c\
\x73\x2f\x73\x79\x73\x5f\x65\x6e\x74\x65\x72\x5f\x6d\x6f\x75\x6e\x74\0\x2e\x72\
\x65\x6c\x74\x72\x61\x63\x65\x70\x6f\x69\x6e\x74\x2f\x73\x79\x73\x63\x61\x6c\
\x6c\x73\x2f\x73\x79\x73\x5f\x65\x6e\x74\x65\x72\x5f\x75\x6d\x6f\x75\x6e\x74\0\
\x2e\x72\x65\x6c\x74\x72\x61\x63\x65\x70\x6f\x69\x6e\x74\x2f\x73\x79\x73\x63\
\x61\x6c\x6c\x73\x2f\x73\x79\x73\x5f\x65\x6e\x74\x65\x72\x5f\x69\x6f\x63\x74\
\x6c\0\x2e\x72\x65\x6c\x74\x72\x61\x63\x65\x70\x6f\x69\x6e\x74\x2f\x73\x79\x73\
\x63\x61\x6c\x6c\x73\x2f\x73\x79\x73\x5f\x65\x6e\x74\x65\x72\x5f\x73\x65\x74\
\x75\x69\x64\0\x2e\x72\x65\x6c\x74\x72\x61\x63\x65\x70\x6f\x69\x6e\x74\x2f\x73\
\x79\x73\x63\x61\x6c\x6c\x73\x2f\x73\x79\x73\x5f\x65\x6e\x74\x65\x72\x5f\x73\
\x65\x74\x67\x69\x64\0\x2e\x72\x65\x6c\x74\x72\x61\x63\x65\x70\x6f\x69\x6e\x74\
\x2f\x73\x79\x73\x63\x61\x6c\x6c\x73\x2f\x73\x79\x73\x5f\x65\x6e\x74\x65\x72\
\x5f\x63\x61\x70\x73\x65\x74\0\x2e\x72\x65\x6c\x74\x72\x61\x63\x65\x70\x6f\x69\
\x6e\x74\x2f\x73\x79\x73\x63\x61\x6c\x6c\x73\x2f\x73\x79\x73\x5f\x65\x6e\x74\
\x65\x72\x5f\x70\x72\x63\x74\x6c\0\x2e\x72\x65\x6c\x74\x72\x61\x63\x65\x70\x6f\
\x69\x6e\x74\x2f\x73\x79\x73\x63\x61\x6c\x6c\x73\x2f\x73\x79\x73\x5f\x65\x6e\
\x74\x65\x72\x5f\x6b\x65\x79\x63\x74\x6c\0\x2e\x42\x54\x46\0\x2e\x42\x54\x46\
\x2e\x65\x78\x74\0\0\0\0\0\0\0\0\0\0\0\0\0\0\0\0\0\0\0\0\0\0\0\0\0\0\0\0\xf4\
\x02\0\0\x04\0\xf1\xff\0\0\0\0\0\0\0\0\0\0\0\0\0\0\0\0\0\0\0\0\x03\0\x03\0\0\0\
\0\0\0\0\0\0\0\0\0\0\0\0\0\0\x03\x03\0\0\0\0\x03\0\x28\x03\0\0\0\0\0\0\0\0\0\0\
\0\0\0\0\x0b\x03\0\0\0\0\x03\0\xa8\0\0\0\0\0\0\0\0\0\0\0\0\0\0\0\x12\x03\0\0\
\x01\0\x18\0\x74\0\0\0\0\0\0\0\x25\0\0\0\0\0\0\0\x2c\x03\0\0\0\0\x03\0\x08\x01\
\0\0\0\0\0\0\0\0\0\0\0\0\0\0\x33\x03\0\0\x01\0\x18\0\x99\0\0\0\0\0\0\0\x29\0\0\
\0\0\0\0\0\x4f\x03\0\0\0\0\x03\0\x50\x01\0\0\0\0\0\0\0\0\0\0\0\0\0\0\x56\x03\0\
\0\0\0\x03\0\x30\x01\0\0\0\0\0\0\0\0\0\0\0\0\0\0\x5d\x03\0\0\0\0\x03\0\x38\x02\
\0\0\0\0\0\0\0\0\0\0\0\0\0\0\x65\x03\0\0\0\0\x03\0\0\x02\0\0\0\0\0\0\0\0\0\0\0\
\0\0\0\x6c\x03\0\0\0\0\x03\0\xb8\x01\0\0\0\0\0\0\0\0\0\0\0\0\0\0\x74\x03\0\0\0\
\0\x03\0\xe8\x01\0\0\0\0\0\0\0\0\0\0\0\0\0\0\x7c\x03\0\0\0\0\x03\0\xf8\x01\0\0\
\0\0\0\0\0\0\0\0\0\0\0\0\x84\x03\0\0\0\0\x03\0\xf0\x02\0\0\0\0\0\0\0\0\0\0\0\0\
\0\0\x8c\x03\0\0\x01\0\x18\0\0\0\0\0\0\0\0\0\x28\0\0\0\0\0\0\0\0\0\0\0\x03\0\
\x04\0\0\0\0\0\0\0\0\0\0\0\0\0\0\0\0\0\xa5\x03\0\0\0\0\x04\0\xc0\0\0\0\0\0\0\0\
\0\0\0\0\0\0\0\0\0\0\0\0\x03\0\x05\0\0\0\0\0\0\0\0\0\0\0\0\0\0\0\0\0\xac\x03\0\
\0\0\0\x05\0\x68\0\0\0\0\0\0\0\0\0\0\0\0\0\0\0\xb3\x03\0\0\0\0\x05\0\x90\x02\0\
\0\0\0\0\0\0\0\0\0\0\0\0\0\xbb\x03\0\0\0\0\x05\0\xc8\0\0\0\0\0\0\0\0\0\0\0\0\0\
\0\0\xc2\x03\0\0\0\0\x05\0\x10\x01\0\0\0\0\0\0\0\0\0\0\0\0\0\0\xc9\x03\0\0\0\0\
\x05\0\xf0\0\0\0\0\0\0\0\0\0\0\0\0\0\0\0\xd0\x03\0\0\0\0\x05\0\xf8\x01\0\0\0\0\
\0\0\0\0\0\0\0\0\0\0\xd8\x03\0\0\0\0\x05\0\xc0\x01\0\0\0\0\0\0\0\0\0\0\0\0\0\0\
\xdf\x03\0\0\0\0\x05\0\x78\x01\0\0\0\0\0\0\0\0\0\0\0\0\0\0\xe7\x03\0\0\0\0\x05\
\0\xa8\x01\0\0\0\0\0\0\0\0\0\0\0\0\0\0\xef\x03\0\0\0\0\x05\0\xb8\x01\0\0\0\0\0\
\0\0\0\0\0\0\0\0\0\0\0\0\0\x03\0\x06\0\0\0\0\0\0\0\0\0\0\0\0\0\0\0\0\0\xf7\x03\
\0\0\0\0\x06\0\x68\0\0\0\0\0\0\0\0\0\0\0\0\0\0\0\xfe\x03\0\0\0\0\x06\0\xe8\x02\
\0\0\0\0\0\0\0\0\0\0\0\0\0\0\x06\x04\0\0\0\0\x06\0\xc8\0\0\0\0\0\0\0\0\0\0\0\0\
\0\0\0\x0d\x04\0\0\0\0\x06\0\x10\x01\0\0\0\0\0\0\0\0\0\0\0\0\0\0\x14\x04\0\0\0\
\0\x06\0\xf0\0\0\0\0\0\0\0\0\0\0\0\0\0\0\0\x1b\x04\0\0\0\0\x06\0\xf8\x01\0\0\0\
\0\0\0\0\0\0\0\0\0\0\0\x23\x04\0\0\0\0\x06\0\xc0\x01\0\0\0\0\0\0\0\0\0\0\0\0\0\
\0\x2a\x04\0\0\0\0\x06\0\x78\x01\0\0\0\0\0\0\0\0\0\0\0\0\0\0\x32\x04\0\0\0\0\
\x06\0\xa8\x01\0\0\0\0\0\0\0\0\0\0\0\0\0\0\x3a\x04\0\0\0\0\x06\0\xb8\x01\0\0\0\
\0\0\0\0\0\0\0\0\0\0\0\x42\x04\0\0\0\0\x06\0\xc0\x02\0\0\0\0\0\0\0\0\0\0\0\0\0\
\0\0\0\0\0\x03\0\x07\0\0\0\0\0\0\0\0\0\0\0\0\0\0\0\0\0\x4a\x04\0\0\0\0\x07\0\
\x60\0\0\0\0\0\0\0\0\0\0\0\0\0\0\0\x51\x04\0\0\0\0\x07\0\x58\x02\0\0\0\0\0\0\0\
\0\0\0\0\0\0\0\x59\x04\0\0\0\0\x07\0\xc0\0\0\0\0\0\0\0\0\0\0\0\0\0\0\0\x60\x04\
\0\0\0\0\x07\0\x08\x01\0\0\0\0\0\0\0\0\0\0\0\0\0\0\x67\x04\0\0\0\0\x07\0\xe8\0\
\0\0\0\0\0\0\0\0\0\0\0\0\0\0\x6e\x04\0\0\0\0\x07\0\xf0\x01\0\0\0\0\0\0\0\0\0\0\
\0\0\0\0\x76\x04\0\0\0\0\x07\0\xb8\x01\0\0\0\0\0\0\0\0\0\0\0\0\0\0\x7d\x04\0\0\
\0\0\x07\0\x70\x01\0\0\0\0\0\0\0\0\0\0\0\0\0\0\x85\x04\0\0\0\0\x07\0\xa0\x01\0\
\0\0\0\0\0\0\0\0\0\0\0\0\0\x8d\x04\0\0\0\0\x07\0\xb0\x01\0\0\0\0\0\0\0\0\0\0\0\
\0\0\0\0\0\0\0\x03\0\x08\0\0\0\0\0\0\0\0\0\0\0\0\0\0\0\0\0\x95\x04\0\0\0\0\x08\
\0\x68\0\0\0\0\0\0\0\0\0\0\0\0\0\0\0\x9c\x04\0\0\0\0\x08\0\xa0\x02\0\0\0\0\0\0\
\0\0\0\0\0\0\0\0\xa4\x04\0\0\0\0\x08\0\xc8\0\0\0\0\0\0\0\0\0\0\0\0\0\0\0\xab\
\x04\0\0\0\0\x08\0\x10\x01\0\0\0\0\0\0\0\0\0\0\0\0\0\0\xb2\x04\0\0\0\0\x08\0\
\xf0\0\0\0\0\0\0\0\0\0\0\0\0\0\0\0\xb9\x04\0\0\0\0\x08\0\xf8\x01\0\0\0\0\0\0\0\
\0\0\0\0\0\0\0\xc1\x04\0\0\0\0\x08\0\xc0\x01\0\0\0\0\0\0\0\0\0\0\0\0\0\0\xc8\
\x04\0\0\0\0\x08\0\x78\x01\0\0\0\0\0\0\0\0\0\0\0\0\0\0\xd0\x04\0\0\0\0\x08\0\
\xa8\x01\0\0\0\0\0\0\0\0\0\0\0\0\0\0\xd8\x04\0\0\0\0\x08\0\xb8\x01\0\0\0\0\0\0\
\0\0\0\0\0\0\0\0\0\0\0\0\x03\0\x09\0\0\0\0\0\0\0\0\0\0\0\0\0\0\0\0\0\xe0\x04\0\
\0\0\0\x09\0\x68\0\0\0\0\0\0\0\0\0\0\0\0\0\0\0\xe7\x04\0\0\0\0\x09\0\x90\x02\0\
\0\0\0\0\0\0\0\0\0\0\0\0\0\xef\x04\0\0\0\0\x09\0\xc8\0\0\0\0\0\0\0\0\0\0\0\0\0\
\0\0\xf6\x04\0\0\0\0\x09\0\x10\x01\0\0\0\0\0\0\0\0\0\0\0\0\0\0\xfd\x04\0\0\0\0\
\x09\0\xf0\0\0\0\0\0\0\0\0\0\0\0\0\0\0\0\x04\x05\0\0\0\0\x09\0\xf8\x01\0\0\0\0\
\0\0\0\0\0\0\0\0\0\0\x0c\x05\0\0\0\0\x09\0\xc0\x01\0\0\0\0\0\0\0\0\0\0\0\0\0\0\
\x13\x05\0\0\0\0\x09\0\x78\x01\0\0\0\0\0\0\0\0\0\0\0\0\0\0\x1b\x05\0\0\0\0\x09\
\0\xa8\x01\0\0\0\0\0\0\0\0\0\0\0\0\0\0\x23\x05\0\0\0\0\x09\0\xb8\x01\0\0\0\0\0\
\0\0\0\0\0\0\0\0\0\0\0\0\0\x03\0\x0a\0\0\0\0\0\0\0\0\0\0\0\0\0\0\0\0\0\x2b\x05\
\0\0\0\0\x0a\0\x68\0\0\0\0\0\0\0\0\0\0\0\0\0\0\0\x32\x05\0\0\0\0\x0a\0\xf8\x02\
\0\0\0\0\0\0\0\0\0\0\0\0\0\0\x3a\x05\0\0\0\0\x0a\0\xc8\0\0\0\0\0\0\0\0\0\0\0\0\
\0\0\0\x41\x05\0\0\0\0\x0a\0\x10\x01\0\0\0\0\0\0\0\0\0\0\0\0\0\0\x48\x05\0\0\0\
\0\x0a\0\xf0\0\0\0\0\0\0\0\0\0\0\0\0\0\0\0\x4f\x05\0\0\0\0\x0a\0\xf8\x01\0\0\0\
\0\0\0\0\0\0\0\0\0\0\0\x57\x05\0\0\0\0\x0a\0\xc0\x01\0\0\0\0\0\0\0\0\0\0\0\0\0\
\0\x5e\x05\0\0\0\0\x0a\0\x78\x01\0\0\0\0\0\0\0\0\0\0\0\0\0\0\x66\x05\0\0\0\0\
\x0a\0\xa8\x01\0\0\0\0\0\0\0\0\0\0\0\0\0\0\x6e\x05\0\0\0\0\x0a\0\xb8\x01\0\0\0\
\0\0\0\0\0\0\0\0\0\0\0\x76\x05\0\0\0\0\x0a\0\x88\x02\0\0\0\0\0\0\0\0\0\0\0\0\0\
\0\0\0\0\0\x03\0\x0b\0\0\0\0\0\0\0\0\0\0\0\0\0\0\0\0\0\x7e\x05\0\0\0\0\x0b\0\0\
\x01\0\0\0\0\0\0\0\0\0\0\0\0\0\0\x85\x05\0\0\x01\0\x18\0\x28\0\0\0\0\0\0\0\x1f\
\0\0\0\0\0\0\0\x99\x05\0\0\0\0\x0b\0\x48\x01\0\0\0\0\0\0\0\0\0\0\0\0\0\0\xa0\
\x05\0\0\x01\0\x18\0\x47\0\0\0\0\0\0\0\x2d\0\0\0\0\0\0\0\0\0\0\0\x03\0\x0c\0\0\
\0\0\0\0\0\0\0\0\0\0\0\0\0\0\0\xb6\x05\0\0\0\0\x0c\0\x68\0\0\0\0\0\0\0\0\0\0\0\
\0\0\0\0\xbd\x05\0\0\0\0\x0c\0\xc0\x02\0\0\0\0\0\0\0\0\0\0\0\0\0\0\xc5\x05\0\0\
\0\0\x0c\0\xc8\0\0\0\0\0\0\0\0\0\0\0\0\0\0\0\xcc\x05\0\0\0\0\x0c\0\x10\x01\0\0\
\0\0\0\0\0\0\0\0\0\0\0\0\xd3\x05\0\0\0\0\x0c\0\xf0\0\0\0\0\0\0\0\0\0\0\0\0\0\0\
\0\xda\x05\0\0\0\0\x0c\0\xf8\x01\0\0\0\0\0\0\0\0\0\0\0\0\0\0\xe2\x05\0\0\0\0\
\x0c\0\xc0\x01\0\0\0\0\0\0\0\0\0\0\0\0\0\0\xe9\x05\0\0\0\0\x0c\0\x78\x01\0\0\0\
\0\0\0\0\0\0\0\0\0\0\0\xf1\x05\0\0\0\0\x0c\0\xa8\x01\0\0\0\0\0\0\0\0\0\0\0\0\0\
\0\xf9\x05\0\0\0\0\x0c\0\xb8\x01\0\0\0\0\0\0\0\0\0\0\0\0\0\0\0\0\0\0\x03\0\x0d\
\0\0\0\0\0\0\0\0\0\0\0\0\0\0\0\0\0\x01\x06\0\0\0\0\x0d\0\x68\0\0\0\0\0\0\0\0\0\
\0\0\0\0\0\0\x09\x06\0\0\0\0\x0d\0\x90\x02\0\0\0\0\0\0\0\0\0\0\0\0\0\0\x12\x06\
\0\0\0\0\x0d\0\xc8\0\0\0\0\0\0\0\0\0\0\0\0\0\0\0\x1a\x06\0\0\0\0\x0d\0\x10\x01\
\0\0\0\0\0\0\0\0\0\0\0\0\0\0\x22\x06\0\0\0\0\x0d\0\xf0\0\0\0\0\0\0\0\0\0\0\0\0\
\0\0\0\x2a\x06\0\0\0\0\x0d\0\xf8\x01\0\0\0\0\0\0\0\0\0\0\0\0\0\0\x33\x06\0\0\0\
\0\x0d\0\xc0\x01\0\0\0\0\0\0\0\0\0\0\0\0\0\0\x3b\x06\0\0\0\0\x0d\0\x78\x01\0\0\
\0\0\0\0\0\0\0\0\0\0\0\0\x44\x06\0\0\0\0\x0d\0\xa8\x01\0\0\0\0\0\0\0\0\0\0\0\0\
\0\0\x4d\x06\0\0\0\0\x0d\0\xb8\x01\0\0\0\0\0\0\0\0\0\0\0\0\0\0\0\0\0\0\x03\0\
\x0e\0\0\0\0\0\0\0\0\0\0\0\0\0\0\0\0\0\x56\x06\0\0\0\0\x0e\0\x68\0\0\0\0\0\0\0\
\0\0\0\0\0\0\0\0\x5e\x06\0\0\0\0\x0e\0\xe8\x02\0\0\0\0\0\0\0\0\0\0\0\0\0\0\x67\
\x06\0\0\0\0\x0e\0\xc8\0\0\0\0\0\0\0\0\0\0\0\0\0\0\0\x6f\x06\0\0\0\0\x0e\0\x10\
\x01\0\0\0\0\0\0\0\0\0\0\0\0\0\0\x77\x06\0\0\0\0\x0e\0\xf0\0\0\0\0\0\0\0\0\0\0\
\0\0\0\0\0\x7f\x06\0\0\0\0\x0e\0\xf8\x01\0\0\0\0\0\0\0\0\0\0\0\0\0\0\x88\x06\0\
\0\0\0\x0e\0\xc0\x01\0\0\0\0\0\0\0\0\0\0\0\0\0\0\x90\x06\0\0\0\0\x0e\0\x78\x01\
\0\0\0\0\0\0\0\0\0\0\0\0\0\0\x99\x06\0\0\0\0\x0e\0\xa8\x01\0\0\0\0\0\0\0\0\0\0\
\0\0\0\0\xa2\x06\0\0\0\0\x0e\0\xb8\x01\0\0\0\0\0\0\0\0\0\0\0\0\0\0\xab\x06\0\0\
\0\0\x0e\0\x88\x02\0\0\0\0\0\0\0\0\0\0\0\0\0\0\0\0\0\0\x03\0\x0f\0\0\0\0\0\0\0\
\0\0\0\0\0\0\0\0\0\0\xb4\x06\0\0\0\0\x0f\0\x68\0\0\0\0\0\0\0\0\0\0\0\0\0\0\0\
\xbc\x06\0\0\0\0\x0f\0\x20\x03\0\0\0\0\0\0\0\0\0\0\0\0\0\0\xc5\x06\0\0\0\0\x0f\
\0\xc8\0\0\0\0\0\0\0\0\0\0\0\0\0\0\0\xcd\x06\0\0\0\0\x0f\0\x10\x01\0\0\0\0\0\0\
\0\0\0\0\0\0\0\0\xd5\x06\0\0\0\0\x0f\0\xf0\0\0\0\0\0\0\0\0\0\0\0\0\0\0\0\xdd\
\x06\0\0\0\0\x0f\0\xf8\x01\0\0\0\0\0\0\0\0\0\0\0\0\0\0\xe6\x06\0\0\0\0\x0f\0\
\xc0\x01\0\0\0\0\0\0\0\0\0\0\0\0\0\0\xee\x06\0\0\0\0\x0f\0\x78\x01\0\0\0\0\0\0\
\0\0\0\0\0\0\0\0\xf7\x06\0\0\0\0\x0f\0\xa8\x01\0\0\0\0\0\0\0\0\0\0\0\0\0\0\0\
\x07\0\0\0\0\x0f\0\xb8\x01\0\0\0\0\0\0\0\0\0\0\0\0\0\0\0\0\0\0\x03\0\x10\0\0\0\
\0\0\0\0\0\0\0\0\0\0\0\0\0\0\x09\x07\0\0\0\0\x10\0\x68\0\0\0\0\0\0\0\0\0\0\0\0\
\0\0\0\x11\x07\0\0\0\0\x10\0\xd8\x02\0\0\0\0\0\0\0\0\0\0\0\0\0\0\x1a\x07\0\0\0\
\0\x10\0\xc8\0\0\0\0\0\0\0\0\0\0\0\0\0\0\0\x22\x07\0\0\0\0\x10\0\x10\x01\0\0\0\
\0\0\0\0\0\0\0\0\0\0\0\x2a\x07\0\0\0\0\x10\0\xf0\0\0\0\0\0\0\0\0\0\0\0\0\0\0\0\
\x32\x07\0\0\0\0\x10\0\xf8\x01\0\0\0\0\0\0\0\0\0\0\0\0\0\0\x3b\x07\0\0\0\0\x10\
\0\xc0\x01\0\0\0\0\0\0\0\0\0\0\0\0\0\0\x43\x07\0\0\0\0\x10\0\x78\x01\0\0\0\0\0\
\0\0\0\0\0\0\0\0\0\x4c\x07\0\0\0\0\x10\0\xa8\x01\0\0\0\0\0\0\0\0\0\0\0\0\0\0\
\x55\x07\0\0\0\0\x10\0\xb8\x01\0\0\0\0\0\0\0\0\0\0\0\0\0\0\x5e\x07\0\0\0\0\x10\
\0\x88\x02\0\0\0\0\0\0\0\0\0\0\0\0\0\0\0\0\0\0\x03\0\x11\0\0\0\0\0\0\0\0\0\0\0\
\0\0\0\0\0\0\x67\x07\0\0\0\0\x11\0\x68\0\0\0\0\0\0\0\0\0\0\0\0\0\0\0\x6f\x07\0\
\0\0\0\x11\0\x90\x02\0\0\0\0\0\0\0\0\0\0\0\0\0\0\x78\x07\0\0\0\0\x11\0\xc8\0\0\
\0\0\0\0\0\0\0\0\0\0\0\0\0\x80\x07\0\0\0\0\x11\0\x10\x01\0\0\0\0\0\0\0\0\0\0\0\
\0\0\0\x88\x07\0\0\0\0\x11\0\xf0\0\0\0\0\0\0\0\0\0\0\0\0\0\0\0\x90\x07\0\0\0\0\
\x11\0\xf8\x01\0\0\0\0\0\0\0\0\0\0\0\0\0\0\x99\x07\0\0\0\0\x11\0\xc0\x01\0\0\0\
\0\0\0\0\0\0\0\0\0\0\0\xa1\x07\0\0\0\0\x11\0\x78\x01\0\0\0\0\0\0\0\0\0\0\0\0\0\
\0\xaa\x07\0\0\0\0\x11\0\xa8\x01\0\0\0\0\0\0\0\0\0\0\0\0\0\0\xb3\x07\0\0\0\0\
\x11\0\xb8\x01\0\0\0\0\0\0\0\0\0\0\0\0\0\0\0\0\0\0\x03\0\x12\0\0\0\0\0\0\0\0\0\
\0\0\0\0\0\0\0\0\xbc\x07\0\0\0\0\x12\0\x68\0\0\0\0\0\0\0\0\0\0\0\0\0\0\0\xc4\
\x07\0\0\0\0\x12\0\x70\x02\0\0\0\0\0\0\0\0\0\0\0\0\0\0\xcd\x07\0\0\0\0\x12\0\
\xc8\0\0\0\0\0\0\0\0\0\0\0\0\0\0\0\xd5\x07\0\0\0\0\x12\0\x10\x01\0\0\0\0\0\0\0\
\0\0\0\0\0\0\0\xdd\x07\0\0\0\0\x12\0\xf0\0\0\0\0\0\0\0\0\0\0\0\0\0\0\0\xe5\x07\
\0\0\0\0\x12\0\xf8\x01\0\0\0\0\0\0\0\0\0\0\0\0\0\0\xee\x07\0\0\0\0\x12\0\xc0\
\x01\0\0\0\0\0\0\0\0\0\0\0\0\0\0\xf6\x07\0\0\0\0\x12\0\x78\x01\0\0\0\0\0\0\0\0\
\0\0\0\0\0\0\xff\x07\0\0\0\0\x12\0\xa8\x01\0\0\0\0\0\0\0\0\0\0\0\0\0\0\x08\x08\
\0\0\0\0\x12\0\xb8\x01\0\0\0\0\0\0\0\0\0\0\0\0\0\0\0\0\0\0\x03\0\x13\0\0\0\0\0\
\0\0\0\0\0\0\0\0\0\0\0\0\x11\x08\0\0\0\0\x13\0\x68\0\0\0\0\0\0\0\0\0\0\0\0\0\0\
\0\x19\x08\0\0\0\0\x13\0\x70\x02\0\0\0\0\0\0\0\0\0\0\0\0\0\0\x22\x08\0\0\0\0\
\x13\0\xc8\0\0\0\0\0\0\0\0\0\0\0\0\0\0\0\x2a\x08\0\0\0\0\x13\0\x10\x01\0\0\0\0\
\0\0\0\0\0\0\0\0\0\0\x32\x08\0\0\0\0\x13\0\xf0\0\0\0\0\0\0\0\0\0\0\0\0\0\0\0\
\x3a\x08\0\0\0\0\x13\0\xf8\x01\0\0\0\0\0\0\0\0\0\0\0\0\0\0\x43\x08\0\0\0\0\x13\
\0\xc0\x01\0\0\0\0\0\0\0\0\0\0\0\0\0\0\x4b\x08\0\0\0\0\x13\0\x78\x01\0\0\0\0\0\
\0\0\0\0\0\0\0\0\0\x54\x08\0\0\0\0\x13\0\xa8\x01\0\0\0\0\0\0\0\0\0\0\0\0\0\0\
\x5d\x08\0\0\0\0\x13\0\xb8\x01\0\0\0\0\0\0\0\0\0\0\0\0\0\0\0\0\0\0\x03\0\x14\0\
\0\0\0\0\0\0\0\0\0\0\0\0\0\0\0\0\x66\x08\0\0\0\0\x14\0\x68\0\0\0\0\0\0\0\0\0\0\
\0\0\0\0\0\x6e\x08\0\0\0\0\x14\0\x80\x02\0\0\0\0\0\0\0\0\0\0\0\0\0\0\x77\x08\0\
\0\0\0\x14\0\xc8\0\0\0\0\0\0\0\0\0\0\0\0\0\0\0\x7f\x08\0\0\0\0\x14\0\x10\x01\0\
\0\0\0\0\0\0\0\0\0\0\0\0\0\x87\x08\0\0\0\0\x14\0\xf0\0\0\0\0\0\0\0\0\0\0\0\0\0\
\0\0\x8f\x08\0\0\0\0\x14\0\xf8\x01\0\0\0\0\0\0\0\0\0\0\0\0\0\0\x98\x08\0\0\0\0\
\x14\0\xc0\x01\0\0\0\0\0\0\0\0\0\0\0\0\0\0\xa0\x08\0\0\0\0\x14\0\x78\x01\0\0\0\
\0\0\0\0\0\0\0\0\0\0\0\xa9\x08\0\0\0\0\x14\0\xa8\x01\0\0\0\0\0\0\0\0\0\0\0\0\0\
\0\xb2\x08\0\0\0\0\x14\0\xb8\x01\0\0\0\0\0\0\0\0\0\0\0\0\0\0\0\0\0\0\x03\0\x15\
\0\0\0\0\0\0\0\0\0\0\0\0\0\0\0\0\0\xbb\x08\0\0\0\0\x15\0\x68\0\0\0\0\0\0\0\0\0\
\0\0\0\0\0\0\xc3\x08\0\0\0\0\x15\0\xb0\x02\0\0\0\0\0\0\0\0\0\0\0\0\0\0\xcc\x08\
\0\0\0\0\x15\0\xc8\0\0\0\0\0\0\0\0\0\0\0\0\0\0\0\xd4\x08\0\0\0\0\x15\0\x10\x01\
\0\0\0\0\0\0\0\0\0\0\0\0\0\0\xdc\x08\0\0\0\0\x15\0\xf0\0\0\0\0\0\0\0\0\0\0\0\0\
\0\0\0\xe4\x08\0\0\0\0\x15\0\xf8\x01\0\0\0\0\0\0\0\0\0\0\0\0\0\0\xed\x08\0\0\0\
\0\x15\0\xc0\x01\0\0\0\0\0\0\0\0\0\0\0\0\0\0\xf5\x08\0\0\0\0\x15\0\x78\x01\0\0\
\0\0\0\0\0\0\0\0\0\0\0\0\xfe\x08\0\0\0\0\x15\0\xa8\x01\0\0\0\0\0\0\0\0\0\0\0\0\
\0\0\x07\x09\0\0\0\0\x15\0\xb8\x01\0\0\0\0\0\0\0\0\0\0\0\0\0\0\0\0\0\0\x03\0\
\x16\0\0\0\0\0\0\0\0\0\0\0\0\0\0\0\0\0\x10\x09\0\0\0\0\x16\0\x68\0\0\0\0\0\0\0\
\0\0\0\0\0\0\0\0\x18\x09\0\0\0\0\x16\0\xb0\x02\0\0\0\0\0\0\0\0\0\0\0\0\0\0\x21\
\x09\0\0\0\0\x16\0\xc8\0\0\0\0\0\0\0\0\0\0\0\0\0\0\0\x29\x09\0\0\0\0\x16\0\x10\
\x01\0\0\0\0\0\0\0\0\0\0\0\0\0\0\x31\x09\0\0\0\0\x16\0\xf0\0\0\0\0\0\0\0\0\0\0\
\0\0\0\0\0\x39\x09\0\0\0\0\x16\0\xf8\x01\0\0\0\0\0\0\0\0\0\0\0\0\0\0\x42\x09\0\
\0\0\0\x16\0\xc0\x01\0\0\0\0\0\0\0\0\0\0\0\0\0\0\x4a\x09\0\0\0\0\x16\0\x78\x01\
\0\0\0\0\0\0\0\0\0\0\0\0\0\0\x53\x09\0\0\0\0\x16\0\xa8\x01\0\0\0\0\0\0\0\0\0\0\
\0\0\0\0\x5c\x09\0\0\0\0\x16\0\xb8\x01\0\0\0\0\0\0\0\0\0\0\0\0\0\0\0\0\0\0\x03\
\0\x18\0\0\0\0\0\0\0\0\0\0\0\0\0\0\0\0\0\0\0\0\0\x03\0\x19\0\0\0\0\0\0\0\0\0\0\
\0\0\0\0\0\0\0\x65\x09\0\0\x12\0\x03\0\0\0\0\0\0\0\0\0\x38\x03\0\0\0\0\0\0\x74\
\x09\0\0\x11\0\x17\0\0\0\0\0\0\0\0\0\x20\0\0\0\0\0\0\0\x82\x09\0\0\x11\0\x17\0\
\x50\0\0\0\0\0\0\0\x20\0\0\0\0\0\0\0\x8e\x09\0\0\x11\0\x17\0\x20\0\0\0\0\0\0\0\
\x20\0\0\0\0\0\0\0\x96\x09\0\0\x12\0\x04\0\0\0\0\0\0\0\0\0\xd0\0\0\0\0\0\0\0\
\xb6\x09\0\0\x11\0\x17\0\x40\0\0\0\0\0\0\0\x10\0\0\0\0\0\0\0\xc5\x09\0\0\x12\0\
\x05\0\0\0\0\0\0\0\0\0\xa0\x02\0\0\0\0\0\0\xd1\x09\0\0\x12\0\x06\0\0\0\0\0\0\0\
\0\0\xf8\x02\0\0\0\0\0\0\xdf\x09\0\0\x12\0\x07\0\0\0\0\0\0\0\0\0\x68\x02\0\0\0\
\0\0\0\xeb\x09\0\0\x12\0\x08\0\0\0\0\0\0\0\0\0\xb0\x02\0\0\0\0\0\0\xf8\x09\0\0\
\x12\0\x09\0\0\0\0\0\0\0\0\0\xa0\x02\0\0\0\0\0\0\x08\x0a\0\0\x12\0\x0a\0\0\0\0\
\0\0\0\0\0\x08\x03\0\0\0\0\0\0\x16\x0a\0\0\x12\0\x0b\0\0\0\0\0\0\0\0\0\x58\x01\
\0\0\0\0\0\0\x22\x0a\0\0\x12\0\x0c\0\0\0\0\0\0\0\0\0\xd0\x02\0\0\0\0\0\0\x2e\
\x0a\0\0\x12\0\x0d\0\0\0\0\0\0\0\0\0\xa0\x02\0\0\0\0\0\0\x3b\x0a\0\0\x12\0\x0e\
\0\0\0\0\0\0\0\0\0\xf8\x02\0\0\0\0\0\0\x48\x0a\0\0\x12\0\x0f\0\0\0\0\0\0\0\0\0\
\x30\x03\0\0\0\0\0\0\x55\x0a\0\0\x12\0\x10\0\0\0\0\0\0\0\0\0\xe8\x02\0\0\0\0\0\
\0\x63\x0a\0\0\x12\0\x11\0\0\0\0\0\0\0\0\0\xa0\x02\0\0\0\0\0\0\x77\x0a\0\0\x12\
\0\x12\0\0\0\0\0\0\0\0\0\x80\x02\0\0\0\0\0\0\x85\x0a\0\0\x12\0\x13\0\0\0\0\0\0\
\0\0\0\x80\x02\0\0\0\0\0\0\x93\x0a\0\0\x12\0\x14\0\0\0\0\0\0\0\0\0\x90\x02\0\0\
\0\0\0\0\xa1\x0a\0\0\x12\0\x15\0\0\0\0\0\0\0\0\0\xc0\x02\0\0\0\0\0\0\xae\x0a\0\
\0\x12\0\x16\0\0\0\0\0\0\0\0\0\xc0\x02\0\0\0\0\0\0\xbc\x0a\0\0\x11\0\x1a\0\0\0\
\0\0\0\0\0\0\x04\0\0\0\0\0\0\0\xc5\x0a\0\0\x11\0\x17\0\x70\0\0\0\0\0\0\0\x20\0\
\0\0\0\0\0\0\xbf\x16\0\0\0\0\0\0\xb7\x07\0\0\0\0\0\0\x63\x7a\x94\xff\0\0\0\0\
\xbf\xa2\0\0\0\0\0\0\x07\x02\0\0\x94\xff\xff\xff\x18\x01\0\0\0\0\0\0\0\0\0\0\0\
\0\0\0\x85\0\0\0\x01\0\0\0\xbf\x08\0\0\0\0\0\0\x15\x08\x5b\0\0\0\0\0\x63\x7a\
\xfc\xff\0\0\0\0\xbf\xa1\0\0\0\0\0\0\x07\x01\0\0\x98\xff\xff\xff\xb7\x02\0\0\
\x64\0\0\0\x85\0\0\0\x10\0\0\0\x65\0\x05\0\xff\xff\xff\xff\x18\x01\0\0\x74\0\0\
\0\0\0\0\0\0\0\0\0\xb7\x02\0\0\x25\0\0\0\x85\0\0\0\x06\0\0\0\x05\0\x50\0\0\0\0\
\0\xbf\xa2\0\0\0\0\0\0\x07\x02\0\0\xfc\xff\xff\xff\x18\x01\0\0\0\0\0\0\0\0\0\0\
\0\0\0\0\x85\0\0\0\x01\0\0\0\xbf\x09\0\0\0\0\0\0\x55\x09\x05\0\0\0\0\0\x18\x01\
\0\0\x99\0\0\0\0\0\0\0\0\0\0\0\xb7\x02\0\0\x29\0\0\0\x85\0\0\0\x06\0\0\0\x05\0\
\x44\0\0\0\0\0\xbf\x87\0\0\0\0\0\0\x85\0\0\0\x0e\0\0\0\xb7\x02\0\0\0\0\0\0\x77\
\0\0\0\x20\0\0\0\x05\0\x04\0\0\0\0\0\x15\x02\x20\0\0\0\0\0\xbf\x12\0\0\0\0\0\0\
\x07\x02\0\0\x01\0\0\0\x15\x01\x1d\0\x63\0\0\0\xbf\x21\0\0\0\0\0\0\xbf\x93\0\0\
\0\0\0\0\x0f\x13\0\0\0\0\0\0\xbf\xa2\0\0\0\0\0\0\x07\x02\0\0\x98\xff\xff\xff\
\x0f\x12\0\0\0\0\0\0\x71\x22\0\0\0\0\0\0\x71\x33\0\0\0\0\0\0\x1d\x32\xf3\xff\0\
\0\0\0\xb7\x02\0\0\0\0\0\0\xb7\x03\0\0\x30\0\0\0\xb7\x01\0\0\0\0\0\0\x05\0\x09\
\0\0\0\0\0\x65\x04\x05\0\x39\0\0\0\x27\x01\0\0\x0a\0\0\0\x0f\x41\0\0\0\0\0\0\
\x07\x01\0\0\xd0\xff\xff\xff\x07\x02\0\0\x01\0\0\0\x55\x02\x03\0\x64\0\0\0\x15\
\x01\x01\0\0\0\0\0\x1d\x01\x08\0\0\0\0\0\x05\0\x25\0\0\0\0\0\xbf\x94\0\0\0\0\0\
\0\x0f\x24\0\0\0\0\0\0\x71\x44\0\0\0\0\0\0\x67\x04\0\0\x38\0\0\0\xc7\x04\0\0\
\x38\0\0\0\x6d\x43\xf7\xff\0\0\0\0\x05\0\xf0\xff\0\0\0\0\x15\0\x1d\0\0\0\0\0\
\x63\x07\0\0\0\0\0\0\xbf\x82\0\0\0\0\0\0\x07\x02\0\0\x18\0\0\0\xbf\x61\0\0\0\0\
\0\0\xb7\x03\0\0\x20\x03\0\0\xb7\x04\0\0\0\0\0\0\x85\0\0\0\x43\0\0\0\x7b\x07\
\x08\0\0\0\0\0\x07\x08\0\0\x38\x03\0\0\xbf\x61\0\0\0\0\0\0\xbf\x82\0\0\0\0\0\0\
\xb7\x03\0\0\x20\x03\0\0\xb7\x04\0\0\0\x01\0\0\x85\0\0\0\x43\0\0\0\x63\x07\x10\
\0\0\0\0\0\x67\0\0\0\x20\0\0\0\xc7\0\0\0\x20\0\0\0\x65\0\x04\0\xff\xff\xff\xff\
\x18\x01\0\0\0\0\0\0\0\0\0\0\0\0\0\0\xb7\x02\0\0\x28\0\0\0\x85\0\0\0\x06\0\0\0\
\xbf\x61\0\0\0\0\0\0\x18\x02\0\0\0\0\0\0\0\0\0\0\0\0\0\0\xb7\x03\0\0\0\0\0\0\
\xbf\x74\0\0\0\0\0\0\xb7\x05\0\0\x58\x06\0\0\x85\0\0\0\x19\0\0\0\xb7\0\0\0\0\0\
\0\0\x95\0\0\0\0\0\0\0\xbf\x16\0\0\0\0\0\0\xb7\x07\0\0\0\0\0\0\x18\x01\0\0\0\0\
\0\0\0\0\0\0\0\0\0\0\xb7\x02\0\0\xc0\x01\0\0\xb7\x03\0\0\0\0\0\0\x85\0\0\0\x83\
\0\0\0\x15\0\x10\0\0\0\0\0\x63\x70\0\0\0\0\0\0\x79\x61\x18\0\0\0\0\0\x63\x10\
\x04\0\0\0\0\0\x79\x61\x10\0\0\0\0\0\x7b\x10\x08\0\0\0\0\0\x79\x61\x18\0\0\0\0\
\0\x7b\x10\x10\0\0\0\0\0\x79\x61\x20\0\0\0\0\0\x7b\x10\x18\0\0\0\0\0\x79\x61\
\x28\0\0\0\0\0\x7b\x10\x20\0\0\0\0\0\xbf\x01\0\0\0\0\0\0\xb7\x02\0\0\0\0\0\0\
\x85\0\0\0\x84\0\0\0\xb7\x01\0\0\x09\0\0\0\x85\0\0\0\x6d\0\0\0\xb7\0\0\0\0\0\0\
\0\x95\0\0\0\0\0\0\0\xbf\x16\0\0\0\0\0\0\xb7\x01\0\0\0\0\0\0\x63\x1a\xfc\xff\0\
\0\0\0\xbf\xa1\0\0\0\0\0\0\x07\x01\0\0\x98\xff\xff\xff\xb7\x02\0\0\x64\0\0\0\
\x85\0\0\0\x10\0\0\0\x65\0\x05\0\xff\xff\xff\xff\x18\x01\0\0\x74\0\0\0\0\0\0\0\
\0\0\0\0\xb7\x02\0\0\x25\0\0\0\x85\0\0\0\x06\0\0\0\x05\0\x45\0\0\0\0\0\xbf\xa2\
\0\0\0\0\0\0\x07\x02\0\0\xfc\xff\xff\xff\x18\x01\0\0\0\0\0\0\0\0\0\0\0\0\0\0\
\x85\0\0\0\x01\0\0\0\xbf\x08\0\0\0\0\0\0\x55\x08\x05\0\0\0\0\0\x18\x01\0\0\x99\
\0\0\0\0\0\0\0\0\0\0\0\xb7\x02\0\0\x29\0\0\0\x85\0\0\0\x06\0\0\0\x05\0\x39\0\0\
\0\0\0\x85\0\0\0\x0e\0\0\0\xbf\x07\0\0\0\0\0\0\xb7\x02\0\0\0\0\0\0\x77\x07\0\0\
\x20\0\0\0\x05\0\x04\0\0\0\0\0\x15\x02\x20\0\0\0\0\0\xbf\x12\0\0\0\0\0\0\x07\
\x02\0\0\x01\0\0\0\x15\x01\x1d\0\x63\0\0\0\xbf\x21\0\0\0\0\0\0\xbf\x83\0\0\0\0\
\0\0\x0f\x13\0\0\0\0\0\0\xbf\xa2\0\0\0\0\0\0\x07\x02\0\0\x98\xff\xff\xff\x0f\
\x12\0\0\0\0\0\0\x71\x22\0\0\0\0\0\0\x71\x33\0\0\0\0\0\0\x1d\x32\xf3\xff\0\0\0\
\0\xb7\x02\0\0\0\0\0\0\xb7\x03\0\0\x30\0\0\0\xb7\x01\0\0\0\0\0\0\x05\0\x09\0\0\
\0\0\0\x65\x04\x05\0\x39\0\0\0\x27\x01\0\0\x0a\0\0\0\x0f\x41\0\0\0\0\0\0\x07\
\x01\0\0\xd0\xff\xff\xff\x07\x02\0\0\x01\0\0\0\x55\x02\x03\0\x64\0\0\0\x15\x01\
\x01\0\0\0\0\0\x1d\x71\x08\0\0\0\0\0\x05\0\x1a\0\0\0\0\0\xbf\x84\0\0\0\0\0\0\
\x0f\x24\0\0\0\0\0\0\x71\x44\0\0\0\0\0\0\x67\x04\0\0\x38\0\0\0\xc7\x04\0\0\x38\
\0\0\0\x6d\x43\xf7\xff\0\0\0\0\x05\0\xf0\xff\0\0\0\0\x15\x07\x12\0\0\0\0\0\x18\
\x01\0\0\0\0\0\0\0\0\0\0\0\0\0\0\xb7\x02\0\0\xc0\x01\0\0\xb7\x03\0\0\0\0\0\0\
\x85\0\0\0\x83\0\0\0\x15\0\x0c\0\0\0\0\0\x63\x70\x04\0\0\0\0\0\xb7\x01\0\0\x01\
\0\0\0\x63\x10\0\0\0\0\0\0\x79\x61\x10\0\0\0\0\0\x7b\x10\x08\0\0\0\0\0\x79\x61\
\x18\0\0\0\0\0\x7b\x10\x10\0\0\0\0\0\x79\x61\x20\0\0\0\0\0\x7b\x10\x18\0\0\0\0\
\0\xbf\x01\0\0\0\0\0\0\xb7\x02\0\0\0\0\0\0\x85\0\0\0\x84\0\0\0\xb7\0\0\0\0\0\0\
\0\x95\0\0\0\0\0\0\0\xbf\x16\0\0\0\0\0\0\xb7\x01\0\0\0\0\0\0\x63\x1a\xfc\xff\0\
\0\0\0\xbf\xa1\0\0\0\0\0\0\x07\x01\0\0\x98\xff\xff\xff\xb7\x02\0\0\x64\0\0\0\
\x85\0\0\0\x10\0\0\0\x65\0\x05\0\xff\xff\xff\xff\x18\x01\0\0\x74\0\0\0\0\0\0\0\
\0\0\0\0\xb7\x02\0\0\x25\0\0\0\x85\0\0\0\x06\0\0\0\x05\0\x50\0\0\0\0\0\xbf\xa2\
\0\0\0\0\0\0\x07\x02\0\0\xfc\xff\xff\xff\x18\x01\0\0\0\0\0\0\0\0\0\0\0\0\0\0\
\x85\0\0\0\x01\0\0\0\xbf\x08\0\0\0\0\0\0\x55\x08\x05\0\0\0\0\0\x18\x01\0\0\x99\
\0\0\0\0\0\0\0\0\0\0\0\xb7\x02\0\0\x29\0\0\0\x85\0\0\0\x06\0\0\0\x05\0\x44\0\0\
\0\0\0\x85\0\0\0\x0e\0\0\0\xbf\x07\0\0\0\0\0\0\xb7\x02\0\0\0\0\0\0\x77\x07\0\0\
\x20\0\0\0\x05\0\x04\0\0\0\0\0\x15\x02\x20\0\0\0\0\0\xbf\x12\0\0\0\0\0\0\x07\
\x02\0\0\x01\0\0\0\x15\x01\x1d\0\x63\0\0\0\xbf\x21\0\0\0\0\0\0\xbf\x83\0\0\0\0\
\0\0\x0f\x13\0\0\0\0\0\0\xbf\xa2\0\0\0\0\0\0\x07\x02\0\0\x98\xff\xff\xff\x0f\
\x12\0\0\0\0\0\0\x71\x22\0\0\0\0\0\0\x71\x33\0\0\0\0\0\0\x1d\x32\xf3\xff\0\0\0\
\0\xb7\x02\0\0\0\0\0\0\xb7\x03\0\0\x30\0\0\0\xb7\x01\0\0\0\0\0\0\x05\0\x09\0\0\
\0\0\0\x65\x04\x05\0\x39\0\0\0\x27\x01\0\0\x0a\0\0\0\x0f\x41\0\0\0\0\0\0\x07\
\x01\0\0\xd0\xff\xff\xff\x07\x02\0\0\x01\0\0\0\x55\x02\x03\0\x64\0\0\0\x15\x01\
\x01\0\0\0\0\0\x1d\x71\x08\0\0\0\0\0\x05\0\x25\0\0\0\0\0\xbf\x84\0\0\0\0\0\0\
\x0f\x24\0\0\0\0\0\0\x71\x44\0\0\0\0\0\0\x67\x04\0\0\x38\0\0\0\xc7\x04\0\0\x38\
\0\0\0\x6d\x43\xf7\xff\0\0\0\0\x05\0\xf0\xff\0\0\0\0\x15\x07\x1d\0\0\0\0\0\x18\
\x01\0\0\0\0\0\0\0\0\0\0\0\0\0\0\xb7\x02\0\0\xc0\x01\0\0\xb7\x03\0\0\0\0\0\0\
\x85\0\0\0\x83\0\0\0\xbf\x08\0\0\0\0\0\0\x15\x08\x16\0\0\0\0\0\x63\x78\x04\0\0\
\0\0\0\xb7\x01\0\0\x02\0\0\0\x63\x18\0\0\0\0\0\0\x79\x61\x18\0\0\0\0\0\x7b\x18\
\x10\0\0\0\0\0\x79\x61\x20\0\0\0\0\0\x7b\x18\x18\0\0\0\0\0\xbf\x81\0\0\0\0\0\0\
\x07\x01\0\0\x38\0\0\0\x79\x63\x10\0\0\0\0\0\xb7\x02\0\0\x80\0\0\0\x85\0\0\0\
\x70\0\0\0\x65\0\x04\0\xff\xff\xff\xff\xbf\x81\0\0\0\0\0\0\xb7\x02\0\0\0\0\0\0\
\x85\0\0\0\x85\0\0\0\x05\0\x05\0\0\0\0\0\xb7\x01\0\0\0\0\0\0\x73\x18\xb8\0\0\0\
\0\0\xbf\x81\0\0\0\0\0\0\xb7\x02\0\0\0\0\0\0\x85\0\0\0\x84\0\0\0\xb7\0\0\0\0\0\
\0\0\x95\0\0\0\0\0\0\0\xb7\x01\0\0\0\0\0\0\x63\x1a\xfc\xff\0\0\0\0\xbf\xa1\0\0\
\0\0\0\0\x07\x01\0\0\x98\xff\xff\xff\xb7\x02\0\0\x64\0\0\0\x85\0\0\0\x10\0\0\0\
\x65\0\x05\0\xff\xff\xff\xff\x18\x01\0\0\x74\0\0\0\0\0\0\0\0\0\0\0\xb7\x02\0\0\
\x25\0\0\0\x85\0\0\0\x06\0\0\0\x05\0\x3f\0\0\0\0\0\xbf\xa2\0\0\0\0\0\0\x07\x02\
\0\0\xfc\xff\xff\xff\x18\x01\0\0\0\0\0\0\0\0\0\0\0\0\0\0\x85\0\0\0\x01\0\0\0\
\xbf\x07\0\0\0\0\0\0\x55\x07\x05\0\0\0\0\0\x18\x01\0\0\x99\0\0\0\0\0\0\0\0\0\0\
\0\xb7\x02\0\0\x29\0\0\0\x85\0\0\0\x06\0\0\0\x05\0\x33\0\0\0\0\0\x85\0\0\0\x0e\
\0\0\0\xbf\x06\0\0\0\0\0\0\xb7\x02\0\0\0\0\0\0\x77\x06\0\0\x20\0\0\0\x05\0\x04\
\0\0\0\0\0\x15\x02\x20\0\0\0\0\0\xbf\x12\0\0\0\0\0\0\x07\x02\0\0\x01\0\0\0\x15\
\x01\x1d\0\x63\0\0\0\xbf\x21\0\0\0\0\0\0\xbf\x73\0\0\0\0\0\0\x0f\x13\0\0\0\0\0\
\0\xbf\xa2\0\0\0\0\0\0\x07\x02\0\0\x98\xff\xff\xff\x0f\x12\0\0\0\0\0\0\x71\x22\
\0\0\0\0\0\0\x71\x33\0\0\0\0\0\0\x1d\x32\xf3\xff\0\0\0\0\xb7\x02\0\0\0\0\0\0\
\xb7\x03\0\0\x30\0\0\0\xb7\x01\0\0\0\0\0\0\x05\0\x09\0\0\0\0\0\x65\x04\x05\0\
\x39\0\0\0\x27\x01\0\0\x0a\0\0\0\x0f\x41\0\0\0\0\0\0\x07\x01\0\0\xd0\xff\xff\
\xff\x07\x02\0\0\x01\0\0\0\x55\x02\x03\0\x64\0\0\0\x15\x01\x01\0\0\0\0\0\x1d\
\x61\x08\0\0\0\0\0\x05\0\x14\0\0\0\0\0\xbf\x74\0\0\0\0\0\0\x0f\x24\0\0\0\0\0\0\
\x71\x44\0\0\0\0\0\0\x67\x04\0\0\x38\0\0\0\xc7\x04\0\0\x38\0\0\0\x6d\x43\xf7\
\xff\0\0\0\0\x05\0\xf0\xff\0\0\0\0\x15\x06\x0c\0\0\0\0\0\x18\x01\0\0\0\0\0\0\0\
\0\0\0\0\0\0\0\xb7\x02\0\0\xc0\x01\0\0\xb7\x03\0\0\0\0\0\0\x85\0\0\0\x83\0\0\0\
\x15\0\x06\0\0\0\0\0\x63\x60\x04\0\0\0\0\0\xb7\x01\0\0\x03\0\0\0\x63\x10\0\0\0\
\0\0\0\xbf\x01\0\0\0\0\0\0\xb7\x02\0\0\0\0\0\0\x85\0\0\0\x84\0\0\0\xb7\0\0\0\0\
\0\0\0\x95\0\0\0\0\0\0\0\xbf\x16\0\0\0\0\0\0\xb7\x01\0\0\0\0\0\0\x63\x1a\xfc\
\xff\0\0\0\0\xbf\xa1\0\0\0\0\0\0\x07\x01\0\0\x98\xff\xff\xff\xb7\x02\0\0\x64\0\
\0\0\x85\0\0\0\x10\0\0\0\x65\0\x05\0\xff\xff\xff\xff\x18\x01\0\0\x74\0\0\0\0\0\
\0\0\0\0\0\0\xb7\x02\0\0\x25\0\0\0\x85\0\0\0\x06\0\0\0\x05\0\x47\0\0\0\0\0\xbf\
\xa2\0\0\0\0\0\0\x07\x02\0\0\xfc\xff\xff\xff\x18\x01\0\0\0\0\0\0\0\0\0\0\0\0\0\
\0\x85\0\0\0\x01\0\0\0\xbf\x08\0\0\0\0\0\0\x55\x08\x05\0\0\0\0\0\x18\x01\0\0\
\x99\0\0\0\0\0\0\0\0\0\0\0\xb7\x02\0\0\x29\0\0\0\x85\0\0\0\x06\0\0\0\x05\0\x3b\
\0\0\0\0\0\x85\0\0\0\x0e\0\0\0\xbf\x07\0\0\0\0\0\0\xb7\x02\0\0\0\0\0\0\x77\x07\
\0\0\x20\0\0\0\x05\0\x04\0\0\0\0\0\x15\x02\x20\0\0\0\0\0\xbf\x12\0\0\0\0\0\0\
\x07\x02\0\0\x01\0\0\0\x15\x01\x1d\0\x63\0\0\0\xbf\x21\0\0\0\0\0\0\xbf\x83\0\0\
\0\0\0\0\x0f\x13\0\0\0\0\0\0\xbf\xa2\0\0\0\0\0\0\x07\x02\0\0\x98\xff\xff\xff\
\x0f\x12\0\0\0\0\0\0\x71\x22\0\0\0\0\0\0\x71\x33\0\0\0\0\0\0\x1d\x32\xf3\xff\0\
\0\0\0\xb7\x02\0\0\0\0\0\0\xb7\x03\0\0\x30\0\0\0\xb7\x01\0\0\0\0\0\0\x05\0\x09\
\0\0\0\0\0\x65\x04\x05\0\x39\0\0\0\x27\x01\0\0\x0a\0\0\0\x0f\x41\0\0\0\0\0\0\
\x07\x01\0\0\xd0\xff\xff\xff\x07\x02\0\0\x01\0\0\0\x55\x02\x03\0\x64\0\0\0\x15\
\x01\x01\0\0\0\0\0\x1d\x71\x08\0\0\0\0\0\x05\0\x1c\0\0\0\0\0\xbf\x84\0\0\0\0\0\
\0\x0f\x24\0\0\0\0\0\0\x71\x44\0\0\0\0\0\0\x67\x04\0\0\x38\0\0\0\xc7\x04\0\0\
\x38\0\0\0\x6d\x43\xf7\xff\0\0\0\0\x05\0\xf0\xff\0\0\0\0\x15\x07\x14\0\0\0\0\0\
\x18\x01\0\0\0\0\0\0\0\0\0\0\0\0\0\0\xb7\x02\0\0\xc0\x01\0\0\xb7\x03\0\0\0\0\0\
\0\x85\0\0\0\x83\0\0\0\x15\0\x0e\0\0\0\0\0\x63\x70\x04\0\0\0\0\0\xb7\x01\0\0\
\x04\0\0\0\x63\x10\0\0\0\0\0\0\x79\x61\x10\0\0\0\0\0\x7b\x10\x08\0\0\0\0\0\x79\
\x61\x18\0\0\0\0\0\x7b\x10\x10\0\0\0\0\0\x79\x61\x20\0\0\0\0\0\x7b\x10\x18\0\0\
\0\0\0\x79\x61\x28\0\0\0\0\0\x7b\x10\x20\0\0\0\0\0\xbf\x01\0\0\0\0\0\0\xb7\x02\
\0\0\0\0\0\0\x85\0\0\0\x84\0\0\0\xb7\0\0\0\0\0\0\0\x95\0\0\0\0\0\0\0\xbf\x16\0\
\0\0\0\0\0\xb7\x01\0\0\0\0\0\0\x63\x1a\xfc\xff\0\0\0\0\xbf\xa1\0\0\0\0\0\0\x07\
\x01\0\0\x98\xff\xff\xff\xb7\x02\0\0\x64\0\0\0\x85\0\0\0\x10\0\0\0\x65\0\x05\0\
\xff\xff\xff\xff\x18\x01\0\0\x74\0\0\0\0\0\0\0\0\0\0\0\xb7\x02\0\0\x25\0\0\0\
\x85\0\0\0\x06\0\0\0\x05\0\x45\0\0\0\0\0\xbf\xa2\0\0\0\0\0\0\x07\x02\0\0\xfc\
\xff\xff\xff\x18\x01\0\0\0\0\0\0\0\0\0\0\0\0\0\0\x85\0\0\0\x01\0\0\0\xbf\x08\0\
\0\0\0\0\0\x55\x08\x05\0\0\0\0\0\x18\x01\0\0\x99\0\0\0\0\0\0\0\0\0\0\0\xb7\x02\
\0\0\x29\0\0\0\x85\0\0\0\x06\0\0\0\x05\0\x39\0\0\0\0\0\x85\0\0\0\x0e\0\0\0\xbf\
\x07\0\0\0\0\0\0\xb7\x02\0\0\0\0\0\0\x77\x07\0\0\x20\0\0\0\x05\0\x04\0\0\0\0\0\
\x15\x02\x20\0\0\0\0\0\xbf\x12\0\0\0\0\0\0\x07\x02\0\0\x01\0\0\0\x15\x01\x1d\0\
\x63\0\0\0\xbf\x21\0\0\0\0\0\0\xbf\x83\0\0\0\0\0\0\x0f\x13\0\0\0\0\0\0\xbf\xa2\
\0\0\0\0\0\0\x07\x02\0\0\x98\xff\xff\xff\x0f\x12\0\0\0\0\0\0\x71\x22\0\0\0\0\0\
\0\x71\x33\0\0\0\0\0\0\x1d\x32\xf3\xff\0\0\0\0\xb7\x02\0\0\0\0\0\0\xb7\x03\0\0\
\x30\0\0\0\xb7\x01\0\0\0\0\0\0\x05\0\x09\0\0\0\0\0\x65\x04\x05\0\x39\0\0\0\x27\
\x01\0\0\x0a\0\0\0\x0f\x41\0\0\0\0\0\0\x07\x01\0\0\xd0\xff\xff\xff\x07\x02\0\0\
\x01\0\0\0\x55\x02\x03\0\x64\0\0\0\x15\x01\x01\0\0\0\0\0\x1d\x71\x08\0\0\0\0\0\
\x05\0\x1a\0\0\0\0\0\xbf\x84\0\0\0\0\0\0\x0f\x24\0\0\0\0\0\0\x71\x44\0\0\0\0\0\
\0\x67\x04\0\0\x38\0\0\0\xc7\x04\0\0\x38\0\0\0\x6d\x43\xf7\xff\0\0\0\0\x05\0\
\xf0\xff\0\0\0\0\x15\x07\x12\0\0\0\0\0\x18\x01\0\0\0\0\0\0\0\0\0\0\0\0\0\0\xb7\
\x02\0\0\xc0\x01\0\0\xb7\x03\0\0\0\0\0\0\x85\0\0\0\x83\0\0\0\x15\0\x0c\0\0\0\0\
\0\x63\x70\x04\0\0\0\0\0\xb7\x01\0\0\x05\0\0\0\x63\x10\0\0\0\0\0\0\x79\x61\x10\
\0\0\0\0\0\x7b\x10\x08\0\0\0\0\0\x79\x61\x18\0\0\0\0\0\x7b\x10\x10\0\0\0\0\0\
\x79\x61\x20\0\0\0\0\0\x7b\x10\x18\0\0\0\0\0\xbf\x01\0\0\0\0\0\0\xb7\x02\0\0\0\
\0\0\0\x85\0\0\0\x84\0\0\0\xb7\0\0\0\0\0\0\0\x95\0\0\0\0\0\0\0\xbf\x16\0\0\0\0\
\0\0\xb7\x01\0\0\0\0\0\0\x63\x1a\xfc\xff\0\0\0\0\xbf\xa1\0\0\0\0\0\0\x07\x01\0\
\0\x98\xff\xff\xff\xb7\x02\0\0\x64\0\0\0\x85\0\0\0\x10\0\0\0\x65\0\x05\0\xff\
\xff\xff\xff\x18\x01\0\0\x74\0\0\0\0\0\0\0\0\0\0\0\xb7\x02\0\0\x25\0\0\0\x85\0\
\0\0\x06\0\0\0\x05\0\x52\0\0\0\0\0\xbf\xa2\0\0\0\0\0\0\x07\x02\0\0\xfc\xff\xff\
\xff\x18\x01\0\0\0\0\0\0\0\0\0\0\0\0\0\0\x85\0\0\0\x01\0\0\0\xbf\x08\0\0\0\0\0\
\0\x55\x08\x05\0\0\0\0\0\x18\x01\0\0\x99\0\0\0\0\0\0\0\0\0\0\0\xb7\x02\0\0\x29\
\0\0\0\x85\0\0\0\x06\0\0\0\x05\0\x46\0\0\0\0\0\x85\0\0\0\x0e\0\0\0\xbf\x07\0\0\
\0\0\0\0\xb7\x02\0\0\0\0\0\0\x77\x07\0\0\x20\0\0\0\x05\0\x04\0\0\0\0\0\x15\x02\
\x20\0\0\0\0\0\xbf\x12\0\0\0\0\0\0\x07\x02\0\0\x01\0\0\0\x15\x01\x1d\0\x63\0\0\
\0\xbf\x21\0\0\0\0\0\0\xbf\x83\0\0\0\0\0\0\x0f\x13\0\0\0\0\0\0\xbf\xa2\0\0\0\0\
\0\0\x07\x02\0\0\x98\xff\xff\xff\x0f\x12\0\0\0\0\0\0\x71\x22\0\0\0\0\0\0\x71\
\x33\0\0\0\0\0\0\x1d\x32\xf3\xff\0\0\0\0\xb7\x02\0\0\0\0\0\0\xb7\x03\0\0\x30\0\
\0\0\xb7\x01\0\0\0\0\0\0\x05\0\x09\0\0\0\0\0\x65\x04\x05\0\x39\0\0\0\x27\x01\0\
\0\x0a\0\0\0\x0f\x41\0\0\0\0\0\0\x07\x01\0\0\xd0\xff\xff\xff\x07\x02\0\0\x01\0\
\0\0\x55\x02\x03\0\x64\0\0\0\x15\x01\x01\0\0\0\0\0\x1d\x71\x08\0\0\0\0\0\x05\0\
\x27\0\0\0\0\0\xbf\x84\0\0\0\0\0\0\x0f\x24\0\0\0\0\0\0\x71\x44\0\0\0\0\0\0\x67\
\x04\0\0\x38\0\0\0\xc7\x04\0\0\x38\0\0\0\x6d\x43\xf7\xff\0\0\0\0\x05\0\xf0\xff\
\0\0\0\0\x15\x07\x1f\0\0\0\0\0\x18\x01\0\0\0\0\0\0\0\0\0\0\0\0\0\0\xb7\x02\0\0\
\xc0\x01\0\0\xb7\x03\0\0\0\0\0\0\x85\0\0\0\x83\0\0\0\xbf\x08\0\0\0\0\0\0\x15\
\x08\x18\0\0\0\0\0\x79\x63\x18\0\0\0\0\0\xbf\x81\0\0\0\0\0\0\x07\x01\0\0\x38\0\
\0\0\xb7\x02\0\0\x80\0\0\0\x85\0\0\0\x70\0\0\0\x65\0\x04\0\xff\xff\xff\xff\xbf\
\x81\0\0\0\0\0\0\xb7\x02\0\0\0\0\0\0\x85\0\0\0\x85\0\0\0\x05\0\x0e\0\0\0\0\0\
\x63\x78\x04\0\0\0\0\0\xb7\x01\0\0\x06\0\0\0\x63\x18\0\0\0\0\0\0\xb7\x01\0\0\0\
\0\0\0\x73\x18\xb8\0\0\0\0\0\x79\x61\x10\0\0\0\0\0\x7b\x18\x08\0\0\0\0\0\x79\
\x61\x20\0\0\0\0\0\x7b\x18\x18\0\0\0\0\0\x79\x61\x28\0\0\0\0\0\x7b\x18\x20\0\0\
\0\0\0\xbf\x81\0\0\0\0\0\0\xb7\x02\0\0\0\0\0\0\x85\0\0\0\x84\0\0\0\xb7\0\0\0\0\
\0\0\0\x95\0\0\0\0\0\0\0\xb7\x08\0\0\0\0\0\0\x73\x8a\xf8\xff\0\0\0\0\x7b\x8a\
\xf0\xff\0\0\0\0\x7b\x8a\xe8\xff\0\0\0\0\x7b\x8a\xe0\xff\0\0\0\0\x7b\x8a\xd8\
\xff\0\0\0\0\x7b\x8a\xd0\xff\0\0\0\0\x7b\x8a\xc8\xff\0\0\0\0\x7b\x8a\xc0\xff\0\
\0\0\0\x7b\x8a\xb8\xff\0\0\0\0\x7b\x8a\xb0\xff\0\0\0\0\x7b\x8a\xa8\xff\0\0\0\0\
\x7b\x8a\xa0\xff\0\0\0\0\x7b\x8a\x98\xff\0\0\0\0\x7b\x8a\x90\xff\0\0\0\0\x7b\
\x8a\x88\xff\0\0\0\0\x7b\x8a\x80\xff\0\0\0\0\x7b\x8a\x78\xff\0\0\0\0\x79\x16\
\x20\0\0\0\0\0\x79\x17\x18\0\0\0\0\0\x79\x13\x10\0\0\0\0\0\xbf\xa1\0\0\0\0\0\0\
\x07\x01\0\0\x78\xff\xff\xff\xb7\x02\0\0\x80\0\0\0\x85\0\0\0\x70\0\0\0\x65\0\
\x06\0\xff\xff\xff\xff\x18\x01\0\0\x28\0\0\0\0\0\0\0\0\0\0\0\xb7\x02\0\0\x1f\0\
\0\0\xbf\x03\0\0\0\0\0\0\x85\0\0\0\x06\0\0\0\x05\0\x09\0\0\0\0\0\x73\x8a\xf8\
\xff\0\0\0\0\x18\x01\0\0\x47\0\0\0\0\0\0\0\0\0\0\0\xb7\x02\0\0\x2d\0\0\0\x18\
\x03\0\0\0\0\0\0\0\0\0\0\0\0\0\0\xbf\x74\0\0\0\0\0\0\xbf\x65\0\0\0\0\0\0\x85\0\
\0\0\x06\0\0\0\xb7\0\0\0\0\0\0\0\x95\0\0\0\0\0\0\0\xbf\x16\0\0\0\0\0\0\xb7\x01\
\0\0\0\0\0\0\x63\x1a\xfc\xff\0\0\0\0\xbf\xa1\0\0\0\0\0\0\x07\x01\0\0\x98\xff\
\xff\xff\xb7\x02\0\0\x64\0\0\0\x85\0\0\0\x10\0\0\0\x65\0\x05\0\xff\xff\xff\xff\
\x18\x01\0\0\x74\0\0\0\0\0\0\0\0\0\0\0\xb7\x02\0\0\x25\0\0\0\x85\0\0\0\x06\0\0\
\0\x05\0\x4b\0\0\0\0\0\xbf\xa2\0\0\0\0\0\0\x07\x02\0\0\xfc\xff\xff\xff\x18\x01\
\0\0\0\0\0\0\0\0\0\0\0\0\0\0\x85\0\0\0\x01\0\0\0\xbf\x08\0\0\0\0\0\0\x55\x08\
\x05\0\0\0\0\0\x18\x01\0\0\x99\0\0\0\0\0\0\0\0\0\0\0\xb7\x02\0\0\x29\0\0\0\x85\
\0\0\0\x06\0\0\0\x05\0\x3f\0\0\0\0\0\x85\0\0\0\x0e\0\0\0\xbf\x07\0\0\0\0\0\0\
\xb7\x02\0\0\0\0\0\0\x77\x07\0\0\x20\0\0\0\x05\0\x04\0\0\0\0\0\x15\x02\x20\0\0\
\0\0\0\xbf\x12\0\0\0\0\0\0\x07\x02\0\0\x01\0\0\0\x15\x01\x1d\0\x63\0\0\0\xbf\
\x21\0\0\0\0\0\0\xbf\x83\0\0\0\0\0\0\x0f\x13\0\0\0\0\0\0\xbf\xa2\0\0\0\0\0\0\
\x07\x02\0\0\x98\xff\xff\xff\x0f\x12\0\0\0\0\0\0\x71\x22\0\0\0\0\0\0\x71\x33\0\
\0\0\0\0\0\x1d\x32\xf3\xff\0\0\0\0\xb7\x02\0\0\0\0\0\0\xb7\x03\0\0\x30\0\0\0\
\xb7\x01\0\0\0\0\0\0\x05\0\x09\0\0\0\0\0\x65\x04\x05\0\x39\0\0\0\x27\x01\0\0\
\x0a\0\0\0\x0f\x41\0\0\0\0\0\0\x07\x01\0\0\xd0\xff\xff\xff\x07\x02\0\0\x01\0\0\
\0\x55\x02\x03\0\x64\0\0\0\x15\x01\x01\0\0\0\0\0\x1d\x71\x08\0\0\0\0\0\x05\0\
\x20\0\0\0\0\0\xbf\x84\0\0\0\0\0\0\x0f\x24\0\0\0\0\0\0\x71\x44\0\0\0\0\0\0\x67\
\x04\0\0\x38\0\0\0\xc7\x04\0\0\x38\0\0\0\x6d\x43\xf7\xff\0\0\0\0\x05\0\xf0\xff\
\0\0\0\0\x15\x07\x18\0\0\0\0\0\x18\x01\0\0\0\0\0\0\0\0\0\0\0\0\0\0\xb7\x02\0\0\
\xc0\x01\0\0\xb7\x03\0\0\0\0\0\0\x85\0\0\0\x83\0\0\0\x15\0\x12\0\0\0\0\0\x63\
\x70\x04\0\0\0\0\0\xb7\x01\0\0\x07\0\0\0\x63\x10\0\0\0\0\0\0\x79\x61\x10\0\0\0\
\0\0\x7b\x10\x08\0\0\0\0\0\x79\x61\x18\0\0\0\0\0\x7b\x10\x10\0\0\0\0\0\x79\x61\
\x20\0\0\0\0\0\x7b\x10\x18\0\0\0\0\0\x79\x61\x28\0\0\0\0\0\x7b\x10\x20\0\0\0\0\
\0\x79\x61\x30\0\0\0\0\0\x7b\x10\x28\0\0\0\0\0\x79\x61\x38\0\0\0\0\0\x7b\x10\
\x30\0\0\0\0\0\xbf\x01\0\0\0\0\0\0\xb7\x02\0\0\0\0\0\0\x85\0\0\0\x84\0\0\0\xb7\
\0\0\0\0\0\0\0\x95\0\0\0\0\0\0\0\xbf\x16\0\0\0\0\0\0\xb7\x01\0\0\0\0\0\0\x63\
\x1a\xfc\xff\0\0\0\0\xbf\xa1\0\0\0\0\0\0\x07\x01\0\0\x98\xff\xff\xff\xb7\x02\0\
\0\x64\0\0\0\x85\0\0\0\x10\0\0\0\x65\0\x05\0\xff\xff\xff\xff\x18\x01\0\0\x74\0\
\0\0\0\0\0\0\0\0\0\0\xb7\x02\0\0\x25\0\0\0\x85\0\0\0\x06\0\0\0\x05\0\x45\0\0\0\
\0\0\xbf\xa2\0\0\0\0\0\0\x07\x02\0\0\xfc\xff\xff\xff\x18\x01\0\0\0\0\0\0\0\0\0\
\0\0\0\0\0\x85\0\0\0\x01\0\0\0\xbf\x08\0\0\0\0\0\0\x55\x08\x05\0\0\0\0\0\x18\
\x01\0\0\x99\0\0\0\0\0\0\0\0\0\0\0\xb7\x02\0\0\x29\0\0\0\x85\0\0\0\x06\0\0\0\
\x05\0\x39\0\0\0\0\0\x85\0\0\0\x0e\0\0\0\xbf\x07\0\0\0\0\0\0\xb7\x02\0\0\0\0\0\
\0\x77\x07\0\0\x20\0\0\0\x05\0\x04\0\0\0\0\0\x15\x02\x20\0\0\0\0\0\xbf\x12\0\0\
\0\0\0\0\x07\x02\0\0\x01\0\0\0\x15\x01\x1d\0\x63\0\0\0\xbf\x21\0\0\0\0\0\0\xbf\
\x83\0\0\0\0\0\0\x0f\x13\0\0\0\0\0\0\xbf\xa2\0\0\0\0\0\0\x07\x02\0\0\x98\xff\
\xff\xff\x0f\x12\0\0\0\0\0\0\x71\x22\0\0\0\0\0\0\x71\x33\0\0\0\0\0\0\x1d\x32\
\xf3\xff\0\0\0\0\xb7\x02\0\0\0\0\0\0\xb7\x03\0\0\x30\0\0\0\xb7\x01\0\0\0\0\0\0\
\x05\0\x09\0\0\0\0\0\x65\x04\x05\0\x39\0\0\0\x27\x01\0\0\x0a\0\0\0\x0f\x41\0\0\
\0\0\0\0\x07\x01\0\0\xd0\xff\xff\xff\x07\x02\0\0\x01\0\0\0\x55\x02\x03\0\x64\0\
\0\0\x15\x01\x01\0\0\0\0\0\x1d\x71\x08\0\0\0\0\0\x05\0\x1a\0\0\0\0\0\xbf\x84\0\
\0\0\0\0\0\x0f\x24\0\0\0\0\0\0\x71\x44\0\0\0\0\0\0\x67\x04\0\0\x38\0\0\0\xc7\
\x04\0\0\x38\0\0\0\x6d\x43\xf7\xff\0\0\0\0\x05\0\xf0\xff\0\0\0\0\x15\x07\x12\0\
\0\0\0\0\x18\x01\0\0\0\0\0\0\0\0\0\0\0\0\0\0\xb7\x02\0\0\xc0\x01\0\0\xb7\x03\0\
\0\0\0\0\0\x85\0\0\0\x83\0\0\0\x15\0\x0c\0\0\0\0\0\x63\x70\x04\0\0\0\0\0\xb7\
\x01\0\0\x08\0\0\0\x63\x10\0\0\0\0\0\0\x79\x61\x10\0\0\0\0\0\x7b\x10\x08\0\0\0\
\0\0\x79\x61\x18\0\0\0\0\0\x7b\x10\x10\0\0\0\0\0\x79\x61\x20\0\0\0\0\0\x7b\x10\
\x18\0\0\0\0\0\xbf\x01\0\0\0\0\0\0\xb7\x02\0\0\0\0\0\0\x85\0\0\0\x84\0\0\0\xb7\
\0\0\0\0\0\0\0\x95\0\0\0\0\0\0\0\xbf\x16\0\0\0\0\0\0\xb7\x01\0\0\0\0\0\0\x63\
\x1a\xfc\xff\0\0\0\0\xbf\xa1\0\0\0\0\0\0\x07\x01\0\0\x98\xff\xff\xff\xb7\x02\0\
\0\x64\0\0\0\x85\0\0\0\x10\0\0\0\x65\0\x05\0\xff\xff\xff\xff\x18\x01\0\0\x74\0\
\0\0\0\0\0\0\0\0\0\0\xb7\x02\0\0\x25\0\0\0\x85\0\0\0\x06\0\0\0\x05\0\x50\0\0\0\
\0\0\xbf\xa2\0\0\0\0\0\0\x07\x02\0\0\xfc\xff\xff\xff\x18\x01\0\0\0\0\0\0\0\0\0\
\0\0\0\0\0\x85\0\0\0\x01\0\0\0\xbf\x08\0\0\0\0\0\0\x55\x08\x05\0\0\0\0\0\x18\
\x01\0\0\x99\0\0\0\0\0\0\0\0\0\0\0\xb7\x02\0\0\x29\0\0\0\x85\0\0\0\x06\0\0\0\
\x05\0\x44\0\0\0\0\0\x85\0\0\0\x0e\0\0\0\xbf\x07\0\0\0\0\0\0\xb7\x02\0\0\0\0\0\
\0\x77\x07\0\0\x20\0\0\0\x05\0\x04\0\0\0\0\0\x15\x02\x20\0\0\0\0\0\xbf\x12\0\0\
\0\0\0\0\x07\x02\0\0\x01\0\0\0\x15\x01\x1d\0\x63\0\0\0\xbf\x21\0\0\0\0\0\0\xbf\
\x83\0\0\0\0\0\0\x0f\x13\0\0\0\0\0\0\xbf\xa2\0\0\0\0\0\0\x07\x02\0\0\x98\xff\
\xff\xff\x0f\x12\0\0\0\0\0\0\x71\x22\0\0\0\0\0\0\x71\x33\0\0\0\0\0\0\x1d\x32\
\xf3\xff\0\0\0\0\xb7\x02\0\0\0\0\0\0\xb7\x03\0\0\x30\0\0\0\xb7\x01\0\0\0\0\0\0\
\x05\0\x09\0\0\0\0\0\x65\x04\x05\0\x39\0\0\0\x27\x01\0\0\x0a\0\0\0\x0f\x41\0\0\
\0\0\0\0\x07\x01\0\0\xd0\xff\xff\xff\x07\x02\0\0\x01\0\0\0\x55\x02\x03\0\x64\0\
\0\0\x15\x01\x01\0\0\0\0\0\x1d\x71\x08\0\0\0\0\0\x05\0\x25\0\0\0\0\0\xbf\x84\0\
\0\0\0\0\0\x0f\x24\0\0\0\0\0\0\x71\x44\0\0\0\0\0\0\x67\x04\0\0\x38\0\0\0\xc7\
\x04\0\0\x38\0\0\0\x6d\x43\xf7\xff\0\0\0\0\x05\0\xf0\xff\0\0\0\0\x15\x07\x1d\0\
\0\0\0\0\x18\x01\0\0\0\0\0\0\0\0\0\0\0\0\0\0\xb7\x02\0\0\xc0\x01\0\0\xb7\x03\0\
\0\0\0\0\0\x85\0\0\0\x83\0\0\0\xbf\x08\0\0\0\0\0\0\x15\x08\x16\0\0\0\0\0\x79\
\x63\x10\0\0\0\0\0\xbf\x81\0\0\0\0\0\0\x07\x01\0\0\x38\0\0\0\xb7\x02\0\0\x80\0\
\0\0\x85\0\0\0\x70\0\0\0\x65\0\x04\0\xff\xff\xff\xff\xbf\x81\0\0\0\0\0\0\xb7\
\x02\0\0\0\0\0\0\x85\0\0\0\x85\0\0\0\x05\0\x0c\0\0\0\0\0\x63\x78\x04\0\0\0\0\0\
\xb7\x01\0\0\x09\0\0\0\x63\x18\0\0\0\0\0\0\xb7\x01\0\0\0\0\0\0\x73\x18\xb8\0\0\
\0\0\0\x79\x61\x18\0\0\0\0\0\x7b\x18\x10\0\0\0\0\0\x79\x61\x20\0\0\0\0\0\x7b\
\x18\x18\0\0\0\0\0\xbf\x81\0\0\0\0\0\0\xb7\x02\0\0\0\0\0\0\x85\0\0\0\x84\0\0\0\
\xb7\0\0\0\0\0\0\0\x95\0\0\0\0\0\0\0\xbf\x16\0\0\0\0\0\0\xb7\x01\0\0\0\0\0\0\
\x63\x1a\xfc\xff\0\0\0\0\xbf\xa1\0\0\0\0\0\0\x07\x01\0\0\x98\xff\xff\xff\xb7\
\x02\0\0\x64\0\0\0\x85\0\0\0\x10\0\0\0\x65\0\x05\0\xff\xff\xff\xff\x18\x01\0\0\
\x74\0\0\0\0\0\0\0\0\0\0\0\xb7\x02\0\0\x25\0\0\0\x85\0\0\0\x06\0\0\0\x05\0\x57\
\0\0\0\0\0\xbf\xa2\0\0\0\0\0\0\x07\x02\0\0\xfc\xff\xff\xff\x18\x01\0\0\0\0\0\0\
\0\0\0\0\0\0\0\0\x85\0\0\0\x01\0\0\0\xbf\x08\0\0\0\0\0\0\x55\x08\x05\0\0\0\0\0\
\x18\x01\0\0\x99\0\0\0\0\0\0\0\0\0\0\0\xb7\x02\0\0\x29\0\0\0\x85\0\0\0\x06\0\0\
\0\x05\0\x4b\0\0\0\0\0\x85\0\0\0\x0e\0\0\0\xbf\x07\0\0\0\0\0\0\xb7\x02\0\0\0\0\
\0\0\x77\x07\0\0\x20\0\0\0\x05\0\x04\0\0\0\0\0\x15\x02\x20\0\0\0\0\0\xbf\x12\0\
\0\0\0\0\0\x07\x02\0\0\x01\0\0\0\x15\x01\x1d\0\x63\0\0\0\xbf\x21\0\0\0\0\0\0\
\xbf\x83\0\0\0\0\0\0\x0f\x13\0\0\0\0\0\0\xbf\xa2\0\0\0\0\0\0\x07\x02\0\0\x98\
\xff\xff\xff\x0f\x12\0\0\0\0\0\0\x71\x22\0\0\0\0\0\0\x71\x33\0\0\0\0\0\0\x1d\
\x32\xf3\xff\0\0\0\0\xb7\x02\0\0\0\0\0\0\xb7\x03\0\0\x30\0\0\0\xb7\x01\0\0\0\0\
\0\0\x05\0\x09\0\0\0\0\0\x65\x04\x05\0\x39\0\0\0\x27\x01\0\0\x0a\0\0\0\x0f\x41\
\0\0\0\0\0\0\x07\x01\0\0\xd0\xff\xff\xff\x07\x02\0\0\x01\0\0\0\x55\x02\x03\0\
\x64\0\0\0\x15\x01\x01\0\0\0\0\0\x1d\x71\x08\0\0\0\0\0\x05\0\x2c\0\0\0\0\0\xbf\
\x84\0\0\0\0\0\0\x0f\x24\0\0\0\0\0\0\x71\x44\0\0\0\0\0\0\x67\x04\0\0\x38\0\0\0\
\xc7\x04\0\0\x38\0\0\0\x6d\x43\xf7\xff\0\0\0\0\x05\0\xf0\xff\0\0\0\0\x15\x07\
\x24\0\0\0\0\0\xb7\x09\0\0\0\0\0\0\x18\x01\0\0\0\0\0\0\0\0\0\0\0\0\0\0\xb7\x02\
\0\0\xc0\x01\0\0\xb7\x03\0\0\0\0\0\0\x85\0\0\0\x83\0\0\0\x15\0\x1d\0\0\0\0\0\
\x79\x63\x10\0\0\0\0\0\xbf\x01\0\0\0\0\0\0\x07\x01\0\0\x38\0\0\0\xb7\x02\0\0\
\x80\0\0\0\xbf\x08\0\0\0\0\0\0\x85\0\0\0\x70\0\0\0\x79\x63\x18\0\0\0\0\0\xbf\
\x81\0\0\0\0\0\0\x07\x01\0\0\xb9\0\0\0\xb7\x02\0\0\x80\0\0\0\x85\0\0\0\x70\0\0\
\0\x79\x63\x20\0\0\0\0\0\xbf\x81\0\0\0\0\0\0\x07\x01\0\0\x3a\x01\0\0\xb7\x02\0\
\0\x80\0\0\0\x85\0\0\0\x70\0\0\0\x63\x78\x04\0\0\0\0\0\xb7\x01\0\0\x0a\0\0\0\
\x63\x18\0\0\0\0\0\0\x73\x98\xba\x01\0\0\0\0\x73\x98\x39\x01\0\0\0\0\x73\x98\
\xb8\0\0\0\0\0\x79\x61\x28\0\0\0\0\0\x7b\x18\x20\0\0\0\0\0\x79\x61\x30\0\0\0\0\
\0\x7b\x18\x28\0\0\0\0\0\xbf\x81\0\0\0\0\0\0\xb7\x02\0\0\0\0\0\0\x85\0\0\0\x84\
\0\0\0\xb7\0\0\0\0\0\0\0\x95\0\0\0\0\0\0\0\xbf\x16\0\0\0\0\0\0\xb7\x01\0\0\0\0\
\0\0\x63\x1a\xfc\xff\0\0\0\0\xbf\xa1\0\0\0\0\0\0\x07\x01\0\0\x98\xff\xff\xff\
\xb7\x02\0\0\x64\0\0\0\x85\0\0\0\x10\0\0\0\x65\0\x05\0\xff\xff\xff\xff\x18\x01\
\0\0\x74\0\0\0\0\0\0\0\0\0\0\0\xb7\x02\0\0\x25\0\0\0\x85\0\0\0\x06\0\0\0\x05\0\
\x4e\0\0\0\0\0\xbf\xa2\0\0\0\0\0\0\x07\x02\0\0\xfc\xff\xff\xff\x18\x01\0\0\0\0\
\0\0\0\0\0\0\0\0\0\0\x85\0\0\0\x01\0\0\0\xbf\x08\0\0\0\0\0\0\x55\x08\x05\0\0\0\
\0\0\x18\x01\0\0\x99\0\0\0\0\0\0\0\0\0\0\0\xb7\x02\0\0\x29\0\0\0\x85\0\0\0\x06\
\0\0\0\x05\0\x42\0\0\0\0\0\x85\0\0\0\x0e\0\0\0\xbf\x07\0\0\0\0\0\0\xb7\x02\0\0\
\0\0\0\0\x77\x07\0\0\x20\0\0\0\x05\0\x04\0\0\0\0\0\x15\x02\x20\0\0\0\0\0\xbf\
\x12\0\0\0\0\0\0\x07\x02\0\0\x01\0\0\0\x15\x01\x1d\0\x63\0\0\0\xbf\x21\0\0\0\0\
\0\0\xbf\x83\0\0\0\0\0\0\x0f\x13\0\0\0\0\0\0\xbf\xa2\0\0\0\0\0\0\x07\x02\0\0\
\x98\xff\xff\xff\x0f\x12\0\0\0\0\0\0\x71\x22\0\0\0\0\0\0\x71\x33\0\0\0\0\0\0\
\x1d\x32\xf3\xff\0\0\0\0\xb7\x02\0\0\0\0\0\0\xb7\x03\0\0\x30\0\0\0\xb7\x01\0\0\
\0\0\0\0\x05\0\x09\0\0\0\0\0\x65\x04\x05\0\x39\0\0\0\x27\x01\0\0\x0a\0\0\0\x0f\
\x41\0\0\0\0\0\0\x07\x01\0\0\xd0\xff\xff\xff\x07\x02\0\0\x01\0\0\0\x55\x02\x03\
\0\x64\0\0\0\x15\x01\x01\0\0\0\0\0\x1d\x71\x08\0\0\0\0\0\x05\0\x23\0\0\0\0\0\
\xbf\x84\0\0\0\0\0\0\x0f\x24\0\0\0\0\0\0\x71\x44\0\0\0\0\0\0\x67\x04\0\0\x38\0\
\0\0\xc7\x04\0\0\x38\0\0\0\x6d\x43\xf7\xff\0\0\0\0\x05\0\xf0\xff\0\0\0\0\x15\
\x07\x1b\0\0\0\0\0\x18\x01\0\0\0\0\0\0\0\0\0\0\0\0\0\0\xb7\x02\0\0\xc0\x01\0\0\
\xb7\x03\0\0\0\0\0\0\x85\0\0\0\x83\0\0\0\xbf\x08\0\0\0\0\0\0\x15\x08\x14\0\0\0\
\0\0\x79\x63\x10\0\0\0\0\0\xbf\x81\0\0\0\0\0\0\x07\x01\0\0\x38\0\0\0\xb7\x02\0\
\0\x80\0\0\0\x85\0\0\0\x70\0\0\0\x65\0\x04\0\xff\xff\xff\xff\xbf\x81\0\0\0\0\0\
\0\xb7\x02\0\0\0\0\0\0\x85\0\0\0\x85\0\0\0\x05\0\x0a\0\0\0\0\0\x63\x78\x04\0\0\
\0\0\0\xb7\x01\0\0\x0b\0\0\0\x63\x18\0\0\0\0\0\0\xb7\x01\0\0\0\0\0\0\x73\x18\
\xb8\0\0\0\0\0\x79\x61\x18\0\0\0\0\0\x7b\x18\x10\0\0\0\0\0\xbf\x81\0\0\0\0\0\0\
\xb7\x02\0\0\0\0\0\0\x85\0\0\0\x84\0\0\0\xb7\0\0\0\0\0\0\0\x95\0\0\0\0\0\0\0\
\xbf\x16\0\0\0\0\0\0\xb7\x01\0\0\0\0\0\0\x63\x1a\xfc\xff\0\0\0\0\xbf\xa1\0\0\0\
\0\0\0\x07\x01\0\0\x98\xff\xff\xff\xb7\x02\0\0\x64\0\0\0\x85\0\0\0\x10\0\0\0\
\x65\0\x05\0\xff\xff\xff\xff\x18\x01\0\0\x74\0\0\0\0\0\0\0\0\0\0\0\xb7\x02\0\0\
\x25\0\0\0\x85\0\0\0\x06\0\0\0\x05\0\x45\0\0\0\0\0\xbf\xa2\0\0\0\0\0\0\x07\x02\
\0\0\xfc\xff\xff\xff\x18\x01\0\0\0\0\0\0\0\0\0\0\0\0\0\0\x85\0\0\0\x01\0\0\0\
\xbf\x08\0\0\0\0\0\0\x55\x08\x05\0\0\0\0\0\x18\x01\0\0\x99\0\0\0\0\0\0\0\0\0\0\
\0\xb7\x02\0\0\x29\0\0\0\x85\0\0\0\x06\0\0\0\x05\0\x39\0\0\0\0\0\x85\0\0\0\x0e\
\0\0\0\xbf\x07\0\0\0\0\0\0\xb7\x02\0\0\0\0\0\0\x77\x07\0\0\x20\0\0\0\x05\0\x04\
\0\0\0\0\0\x15\x02\x20\0\0\0\0\0\xbf\x12\0\0\0\0\0\0\x07\x02\0\0\x01\0\0\0\x15\
\x01\x1d\0\x63\0\0\0\xbf\x21\0\0\0\0\0\0\xbf\x83\0\0\0\0\0\0\x0f\x13\0\0\0\0\0\
\0\xbf\xa2\0\0\0\0\0\0\x07\x02\0\0\x98\xff\xff\xff\x0f\x12\0\0\0\0\0\0\x71\x22\
\0\0\0\0\0\0\x71\x33\0\0\0\0\0\0\x1d\x32\xf3\xff\0\0\0\0\xb7\x02\0\0\0\0\0\0\
\xb7\x03\0\0\x30\0\0\0\xb7\x01\0\0\0\0\0\0\x05\0\x09\0\0\0\0\0\x65\x04\x05\0\
\x39\0\0\0\x27\x01\0\0\x0a\0\0\0\x0f\x41\0\0\0\0\0\0\x07\x01\0\0\xd0\xff\xff\
\xff\x07\x02\0\0\x01\0\0\0\x55\x02\x03\0\x64\0\0\0\x15\x01\x01\0\0\0\0\0\x1d\
\x71\x08\0\0\0\0\0\x05\0\x1a\0\0\0\0\0\xbf\x84\0\0\0\0\0\0\x0f\x24\0\0\0\0\0\0\
\x71\x44\0\0\0\0\0\0\x67\x04\0\0\x38\0\0\0\xc7\x04\0\0\x38\0\0\0\x6d\x43\xf7\
\xff\0\0\0\0\x05\0\xf0\xff\0\0\0\0\x15\x07\x12\0\0\0\0\0\x18\x01\0\0\0\0\0\0\0\
\0\0\0\0\0\0\0\xb7\x02\0\0\xc0\x01\0\0\xb7\x03\0\0\0\0\0\0\x85\0\0\0\x83\0\0\0\
\x15\0\x0c\0\0\0\0\0\x63\x70\x04\0\0\0\0\0\xb7\x01\0\0\x0c\0\0\0\x63\x10\0\0\0\
\0\0\0\x79\x61\x10\0\0\0\0\0\x7b\x10\x08\0\0\0\0\0\x79\x61\x18\0\0\0\0\0\x7b\
\x10\x10\0\0\0\0\0\x79\x61\x20\0\0\0\0\0\x7b\x10\x18\0\0\0\0\0\xbf\x01\0\0\0\0\
\0\0\xb7\x02\0\0\0\0\0\0\x85\0\0\0\x84\0\0\0\xb7\0\0\0\0\0\0\0\x95\0\0\0\0\0\0\
\0\xbf\x16\0\0\0\0\0\0\xb7\x01\0\0\0\0\0\0\x63\x1a\xfc\xff\0\0\0\0\xbf\xa1\0\0\
\0\0\0\0\x07\x01\0\0\x98\xff\xff\xff\xb7\x02\0\0\x64\0\0\0\x85\0\0\0\x10\0\0\0\
\x65\0\x05\0\xff\xff\xff\xff\x18\x01\0\0\x74\0\0\0\0\0\0\0\0\0\0\0\xb7\x02\0\0\
\x25\0\0\0\x85\0\0\0\x06\0\0\0\x05\0\x41\0\0\0\0\0\xbf\xa2\0\0\0\0\0\0\x07\x02\
\0\0\xfc\xff\xff\xff\x18\x01\0\0\0\0\0\0\0\0\0\0\0\0\0\0\x85\0\0\0\x01\0\0\0\
\xbf\x08\0\0\0\0\0\0\x55\x08\x05\0\0\0\0\0\x18\x01\0\0\x99\0\0\0\0\0\0\0\0\0\0\
\0\xb7\x02\0\0\x29\0\0\0\x85\0\0\0\x06\0\0\0\x05\0\x35\0\0\0\0\0\x85\0\0\0\x0e\
\0\0\0\xbf\x07\0\0\0\0\0\0\xb7\x02\0\0\0\0\0\0\x77\x07\0\0\x20\0\0\0\x05\0\x04\
\0\0\0\0\0\x15\x02\x20\0\0\0\0\0\xbf\x12\0\0\0\0\0\0\x07\x02\0\0\x01\0\0\0\x15\
\x01\x1d\0\x63\0\0\0\xbf\x21\0\0\0\0\0\0\xbf\x83\0\0\0\0\0\0\x0f\x13\0\0\0\0\0\
\0\xbf\xa2\0\0\0\0\0\0\x07\x02\0\0\x98\xff\xff\xff\x0f\x12\0\0\0\0\0\0\x71\x22\
\0\0\0\0\0\0\x71\x33\0\0\0\0\0\0\x1d\x32\xf3\xff\0\0\0\0\xb7\x02\0\0\0\0\0\0\
\xb7\x03\0\0\x30\0\0\0\xb7\x01\0\0\0\0\0\0\x05\0\x09\0\0\0\0\0\x65\x04\x05\0\
\x39\0\0\0\x27\x01\0\0\x0a\0\0\0\x0f\x41\0\0\0\0\0\0\x07\x01\0\0\xd0\xff\xff\
\xff\x07\x02\0\0\x01\0\0\0\x55\x02\x03\0\x64\0\0\0\x15\x01\x01\0\0\0\0\0\x1d\
\x71\x08\0\0\0\0\0\x05\0\x16\0\0\0\0\0\xbf\x84\0\0\0\0\0\0\x0f\x24\0\0\0\0\0\0\
\x71\x44\0\0\0\0\0\0\x67\x04\0\0\x38\0\0\0\xc7\x04\0\0\x38\0\0\0\x6d\x43\xf7\
\xff\0\0\0\0\x05\0\xf0\xff\0\0\0\0\x15\x07\x0e\0\0\0\0\0\x18\x01\0\0\0\0\0\0\0\
\0\0\0\0\0\0\0\xb7\x02\0\0\xc0\x01\0\0\xb7\x03\0\0\0\0\0\0\x85\0\0\0\x83\0\0\0\
\x15\0\x08\0\0\0\0\0\x63\x70\x04\0\0\0\0\0\xb7\x01\0\0\x0d\0\0\0\x63\x10\0\0\0\
\0\0\0\x79\x61\x10\0\0\0\0\0\x7b\x10\x08\0\0\0\0\0\xbf\x01\0\0\0\0\0\0\xb7\x02\
\0\0\0\0\0\0\x85\0\0\0\x84\0\0\0\xb7\0\0\0\0\0\0\0\x95\0\0\0\0\0\0\0\xbf\x16\0\
\0\0\0\0\0\xb7\x01\0\0\0\0\0\0\x63\x1a\xfc\xff\0\0\0\0\xbf\xa1\0\0\0\0\0\0\x07\
\x01\0\0\x98\xff\xff\xff\xb7\x02\0\0\x64\0\0\0\x85\0\0\0\x10\0\0\0\x65\0\x05\0\
\xff\xff\xff\xff\x18\x01\0\0\x74\0\0\0\0\0\0\0\0\0\0\0\xb7\x02\0\0\x25\0\0\0\
\x85\0\0\0\x06\0\0\0\x05\0\x41\0\0\0\0\0\xbf\xa2\0\0\0\0\0\0\x07\x02\0\0\xfc\
\xff\xff\xff\x18\x01\0\0\0\0\0\0\0\0\0\0\0\0\0\0\x85\0\0\0\x01\0\0\0\xbf\x08\0\
\0\0\0\0\0\x55\x08\x05\0\0\0\0\0\x18\x01\0\0\x99\0\0\0\0\0\0\0\0\0\0\0\xb7\x02\
\0\0\x29\0\0\0\x85\0\0\0\x06\0\0\0\x05\0\x35\0\0\0\0\0\x85\0\0\0\x0e\0\0\0\xbf\
\x07\0\0\0\0\0\0\xb7\x02\0\0\0\0\0\0\x77\x07\0\0\x20\0\0\0\x05\0\x04\0\0\0\0\0\
\x15\x02\x20\0\0\0\0\0\xbf\x12\0\0\0\0\0\0\x07\x02\0\0\x01\0\0\0\x15\x01\x1d\0\
\x63\0\0\0\xbf\x21\0\0\0\0\0\0\xbf\x83\0\0\0\0\0\0\x0f\x13\0\0\0\0\0\0\xbf\xa2\
\0\0\0\0\0\0\x07\x02\0\0\x98\xff\xff\xff\x0f\x12\0\0\0\0\0\0\x71\x22\0\0\0\0\0\
\0\x71\x33\0\0\0\0\0\0\x1d\x32\xf3\xff\0\0\0\0\xb7\x02\0\0\0\0\0\0\xb7\x03\0\0\
\x30\0\0\0\xb7\x01\0\0\0\0\0\0\x05\0\x09\0\0\0\0\0\x65\x04\x05\0\x39\0\0\0\x27\
\x01\0\0\x0a\0\0\0\x0f\x41\0\0\0\0\0\0\x07\x01\0\0\xd0\xff\xff\xff\x07\x02\0\0\
\x01\0\0\0\x55\x02\x03\0\x64\0\0\0\x15\x01\x01\0\0\0\0\0\x1d\x71\x08\0\0\0\0\0\
\x05\0\x16\0\0\0\0\0\xbf\x84\0\0\0\0\0\0\x0f\x24\0\0\0\0\0\0\x71\x44\0\0\0\0\0\
\0\x67\x04\0\0\x38\0\0\0\xc7\x04\0\0\x38\0\0\0\x6d\x43\xf7\xff\0\0\0\0\x05\0\
\xf0\xff\0\0\0\0\x15\x07\x0e\0\0\0\0\0\x18\x01\0\0\0\0\0\0\0\0\0\0\0\0\0\0\xb7\
\x02\0\0\xc0\x01\0\0\xb7\x03\0\0\0\0\0\0\x85\0\0\0\x83\0\0\0\x15\0\x08\0\0\0\0\
\0\x63\x70\x04\0\0\0\0\0\xb7\x01\0\0\x0e\0\0\0\x63\x10\0\0\0\0\0\0\x79\x61\x10\
\0\0\0\0\0\x7b\x10\x08\0\0\0\0\0\xbf\x01\0\0\0\0\0\0\xb7\x02\0\0\0\0\0\0\x85\0\
\0\0\x84\0\0\0\xb7\0\0\0\0\0\0\0\x95\0\0\0\0\0\0\0\xbf\x16\0\0\0\0\0\0\xb7\x01\
\0\0\0\0\0\0\x63\x1a\xfc\xff\0\0\0\0\xbf\xa1\0\0\0\0\0\0\x07\x01\0\0\x98\xff\
\xff\xff\xb7\x02\0\0\x64\0\0\0\x85\0\0\0\x10\0\0\0\x65\0\x05\0\xff\xff\xff\xff\
\x18\x01\0\0\x74\0\0\0\0\0\0\0\0\0\0\0\xb7\x02\0\0\x25\0\0\0\x85\0\0\0\x06\0\0\
\0\x05\0\x43\0\0\0\0\0\xbf\xa2\0\0\0\0\0\0\x07\x02\0\0\xfc\xff\xff\xff\x18\x01\
\0\0\0\0\0\0\0\0\0\0\0\0\0\0\x85\0\0\0\x01\0\0\0\xbf\x08\0\0\0\0\0\0\x55\x08\
\x05\0\0\0\0\0\x18\x01\0\0\x99\0\0\0\0\0\0\0\0\0\0\0\xb7\x02\0\0\x29\0\0\0\x85\
\0\0\0\x06\0\0\0\x05\0\x37\0\0\0\0\0\x85\0\0\0\x0e\0\0\0\xbf\x07\0\0\0\0\0\0\
\xb7\x02\0\0\0\0\0\0\x77\x07\0\0\x20\0\0\0\x05\0\x04\0\0\0\0\0\x15\x02\x20\0\0\
\0\0\0\xbf\x12\0\0\0\0\0\0\x07\x02\0\0\x01\0\0\0\x15\x01\x1d\0\x63\0\0\0\xbf\
\x21\0\0\0\0\0\0\xbf\x83\0\0\0\0\0\0\x0f\x13\0\0\0\0\0\0\xbf\xa2\0\0\0\0\0\0\
\x07\x02\0\0\x98\xff\xff\xff\x0f\x12\0\0\0\0\0\0\x71\x22\0\0\0\0\0\0\x71\x33\0\
\0\0\0\0\0\x1d\x32\xf3\xff\0\0\0\0\xb7\x02\0\0\0\0\0\0\xb7\x03\0\0\x30\0\0\0\
\xb7\x01\0\0\0\0\0\0\x05\0\x09\0\0\0\0\0\x65\x04\x05\0\x39\0\0\0\x27\x01\0\0\
\x0a\0\0\0\x0f\x41\0\0\0\0\0\0\x07\x01\0\0\xd0\xff\xff\xff\x07\x02\0\0\x01\0\0\
\0\x55\x02\x03\0\x64\0\0\0\x15\x01\x01\0\0\0\0\0\x1d\x71\x08\0\0\0\0\0\x05\0\
\x18\0\0\0\0\0\xbf\x84\0\0\0\0\0\0\x0f\x24\0\0\0\0\0\0\x71\x44\0\0\0\0\0\0\x67\
\x04\0\0\x38\0\0\0\xc7\x04\0\0\x38\0\0\0\x6d\x43\xf7\xff\0\0\0\0\x05\0\xf0\xff\
\0\0\0\0\x15\x07\x10\0\0\0\0\0\x18\x01\0\0\0\0\0\0\0\0\0\0\0\0\0\0\xb7\x02\0\0\
\xc0\x01\0\0\xb7\x03\0\0\0\0\0\0\x85\0\0\0\x83\0\0\0\x15\0\x0a\0\0\0\0\0\x63\
\x70\x04\0\0\0\0\0\xb7\x01\0\0\x0f\0\0\0\x63\x10\0\0\0\0\0\0\x79\x61\x10\0\0\0\
\0\0\x7b\x10\x08\0\0\0\0\0\x79\x61\x18\0\0\0\0\0\x7b\x10\x10\0\0\0\0\0\xbf\x01\
\0\0\0\0\0\0\xb7\x02\0\0\0\0\0\0\x85\0\0\0\x84\0\0\0\xb7\0\0\0\0\0\0\0\x95\0\0\
\0\0\0\0\0\xbf\x16\0\0\0\0\0\0\xb7\x01\0\0\0\0\0\0\x63\x1a\xfc\xff\0\0\0\0\xbf\
\xa1\0\0\0\0\0\0\x07\x01\0\0\x98\xff\xff\xff\xb7\x02\0\0\x64\0\0\0\x85\0\0\0\
\x10\0\0\0\x65\0\x05\0\xff\xff\xff\xff\x18\x01\0\0\x74\0\0\0\0\0\0\0\0\0\0\0\
\xb7\x02\0\0\x25\0\0\0\x85\0\0\0\x06\0\0\0\x05\0\x49\0\0\0\0\0\xbf\xa2\0\0\0\0\
\0\0\x07\x02\0\0\xfc\xff\xff\xff\x18\x01\0\0\0\0\0\0\0\0\0\0\0\0\0\0\x85\0\0\0\
\x01\0\0\0\xbf\x08\0\0\0\0\0\0\x55\x08\x05\0\0\0\0\0\x18\x01\0\0\x99\0\0\0\0\0\
\0\0\0\0\0\0\xb7\x02\0\0\x29\0\0\0\x85\0\0\0\x06\0\0\0\x05\0\x3d\0\0\0\0\0\x85\
\0\0\0\x0e\0\0\0\xbf\x07\0\0\0\0\0\0\xb7\x02\0\0\0\0\0\0\x77\x07\0\0\x20\0\0\0\
\x05\0\x04\0\0\0\0\0\x15\x02\x20\0\0\0\0\0\xbf\x12\0\0\0\0\0\0\x07\x02\0\0\x01\
\0\0\0\x15\x01\x1d\0\x63\0\0\0\xbf\x21\0\0\0\0\0\0\xbf\x83\0\0\0\0\0\0\x0f\x13\
\0\0\0\0\0\0\xbf\xa2\0\0\0\0\0\0\x07\x02\0\0\x98\xff\xff\xff\x0f\x12\0\0\0\0\0\
\0\x71\x22\0\0\0\0\0\0\x71\x33\0\0\0\0\0\0\x1d\x32\xf3\xff\0\0\0\0\xb7\x02\0\0\
\0\0\0\0\xb7\x03\0\0\x30\0\0\0\xb7\x01\0\0\0\0\0\0\x05\0\x09\0\0\0\0\0\x65\x04\
\x05\0\x39\0\0\0\x27\x01\0\0\x0a\0\0\0\x0f\x41\0\0\0\0\0\0\x07\x01\0\0\xd0\xff\
\xff\xff\x07\x02\0\0\x01\0\0\0\x55\x02\x03\0\x64\0\0\0\x15\x01\x01\0\0\0\0\0\
\x1d\x71\x08\0\0\0\0\0\x05\0\x1e\0\0\0\0\0\xbf\x84\0\0\0\0\0\0\x0f\x24\0\0\0\0\
\0\0\x71\x44\0\0\0\0\0\0\x67\x04\0\0\x38\0\0\0\xc7\x04\0\0\x38\0\0\0\x6d\x43\
\xf7\xff\0\0\0\0\x05\0\xf0\xff\0\0\0\0\x15\x07\x16\0\0\0\0\0\x18\x01\0\0\0\0\0\
\0\0\0\0\0\0\0\0\0\xb7\x02\0\0\xc0\x01\0\0\xb7\x03\0\0\0\0\0\0\x85\0\0\0\x83\0\
\0\0\x15\0\x10\0\0\0\0\0\x63\x70\x04\0\0\0\0\0\xb7\x01\0\0\x10\0\0\0\x63\x10\0\
\0\0\0\0\0\x79\x61\x10\0\0\0\0\0\x7b\x10\x08\0\0\0\0\0\x79\x61\x18\0\0\0\0\0\
\x7b\x10\x10\0\0\0\0\0\x79\x61\x20\0\0\0\0\0\x7b\x10\x18\0\0\0\0\0\x79\x61\x28\
\0\0\0\0\0\x7b\x10\x20\0\0\0\0\0\x79\x61\x30\0\0\0\0\0\x7b\x10\x28\0\0\0\0\0\
\xbf\x01\0\0\0\0\0\0\xb7\x02\0\0\0\0\0\0\x85\0\0\0\x84\0\0\0\xb7\0\0\0\0\0\0\0\
\x95\0\0\0\0\0\0\0\xbf\x16\0\0\0\0\0\0\xb7\x01\0\0\0\0\0\0\x63\x1a\xfc\xff\0\0\
\0\0\xbf\xa1\0\0\0\0\0\0\x07\x01\0\0\x98\xff\xff\xff\xb7\x02\0\0\x64\0\0\0\x85\
\0\0\0\x10\0\0\0\x65\0\x05\0\xff\xff\xff\xff\x18\x01\0\0\x74\0\0\0\0\0\0\0\0\0\
\0\0\xb7\x02\0\0\x25\0\0\0\x85\0\0\0\x06\0\0\0\x05\0\x49\0\0\0\0\0\xbf\xa2\0\0\
\0\0\0\0\x07\x02\0\0\xfc\xff\xff\xff\x18\x01\0\0\0\0\0\0\0\0\0\0\0\0\0\0\x85\0\
\0\0\x01\0\0\0\xbf\x08\0\0\0\0\0\0\x55\x08\x05\0\0\0\0\0\x18\x01\0\0\x99\0\0\0\
\0\0\0\0\0\0\0\0\xb7\x02\0\0\x29\0\0\0\x85\0\0\0\x06\0\0\0\x05\0\x3d\0\0\0\0\0\
\x85\0\0\0\x0e\0\0\0\xbf\x07\0\0\0\0\0\0\xb7\x02\0\0\0\0\0\0\x77\x07\0\0\x20\0\
\0\0\x05\0\x04\0\0\0\0\0\x15\x02\x20\0\0\0\0\0\xbf\x12\0\0\0\0\0\0\x07\x02\0\0\
\x01\0\0\0\x15\x01\x1d\0\x63\0\0\0\xbf\x21\0\0\0\0\0\0\xbf\x83\0\0\0\0\0\0\x0f\
\x13\0\0\0\0\0\0\xbf\xa2\0\0\0\0\0\0\x07\x02\0\0\x98\xff\xff\xff\x0f\x12\0\0\0\
\0\0\0\x71\x22\0\0\0\0\0\0\x71\x33\0\0\0\0\0\0\x1d\x32\xf3\xff\0\0\0\0\xb7\x02\
\0\0\0\0\0\0\xb7\x03\0\0\x30\0\0\0\xb7\x01\0\0\0\0\0\0\x05\0\x09\0\0\0\0\0\x65\
\x04\x05\0\x39\0\0\0\x27\x01\0\0\x0a\0\0\0\x0f\x41\0\0\0\0\0\0\x07\x01\0\0\xd0\
\xff\xff\xff\x07\x02\0\0\x01\0\0\0\x55\x02\x03\0\x64\0\0\0\x15\x01\x01\0\0\0\0\
\0\x1d\x71\x08\0\0\0\0\0\x05\0\x1e\0\0\0\0\0\xbf\x84\0\0\0\0\0\0\x0f\x24\0\0\0\
\0\0\0\x71\x44\0\0\0\0\0\0\x67\x04\0\0\x38\0\0\0\xc7\x04\0\0\x38\0\0\0\x6d\x43\
\xf7\xff\0\0\0\0\x05\0\xf0\xff\0\0\0\0\x15\x07\x16\0\0\0\0\0\x18\x01\0\0\0\0\0\
\0\0\0\0\0\0\0\0\0\xb7\x02\0\0\xc0\x01\0\0\xb7\x03\0\0\0\0\0\0\x85\0\0\0\x83\0\
\0\0\x15\0\x10\0\0\0\0\0\x63\x70\x04\0\0\0\0\0\xb7\x01\0\0\x11\0\0\0\x63\x10\0\
\0\0\0\0\0\x79\x61\x10\0\0\0\0\0\x7b\x10\x08\0\0\0\0\0\x79\x61\x18\0\0\0\0\0\
\x7b\x10\x10\0\0\0\0\0\x79\x61\x20\0\0\0\0\0\x7b\x10\x18\0\0\0\0\0\x79\x61\x28\
\0\0\0\0\0\x7b\x10\x20\0\0\0\0\0\x79\x61\x30\0\0\0\0\0\x7b\x10\x28\0\0\0\0\0\
\xbf\x01\0\0\0\0\0\0\xb7\x02\0\0\0\0\0\0\x85\0\0\0\x84\0\0\0\xb7\0\0\0\0\0\0\0\
\x95\0\0\0\0\0\0\0\0\0\0\0\0\0\0\0\0\0\0\0\0\0\0\0\0\0\0\0\0\0\0\0\0\0\0\0\0\0\
\0\0\0\0\0\0\0\0\0\0\0\0\0\0\0\0\0\0\0\0\0\0\0\0\0\0\0\0\0\0\0\0\0\0\0\0\0\0\0\
\0\0\0\0\0\0\0\0\0\0\0\0\0\0\0\0\0\0\0\0\0\0\0\0\0\0\0\0\0\0\0\0\0\0\0\0\0\0\0\
\0\0\0\0\0\0\0\0\0\0\0\0\0\0\0\0\0\0\0\0\0\0\0\0\0\0\0\0\0\0\0\0\0\0\0\0\x62\
\x70\x66\x5f\x67\x65\x74\x5f\x73\x74\x61\x63\x6b\x3a\x20\x66\x61\x69\x6c\x65\
\x64\x20\x74\x6f\x20\x67\x65\x74\x20\x75\x73\x65\x72\x20\x73\x74\x61\x63\x6b\0\
\x6f\x70\x65\x6e\x20\x65\x72\x72\x6f\x72\x20\x72\x65\x61\x64\x69\x6e\x67\x20\
\x62\x75\x66\x66\x65\x72\x3a\x20\x25\x6c\x64\0\x6f\x70\x65\x6e\x28\x66\x69\x6c\
\x65\x6e\x61\x6d\x65\x3d\x22\x25\x73\x22\x2c\x20\x66\x6c\x61\x67\x73\x3d\x22\
\x25\x6c\x75\x22\x2c\x20\x6d\x6f\x64\x65\x3d\x22\x25\x6c\x75\x22\x29\0\x5b\x21\
\x5d\x20\x45\x72\x72\x6f\x72\x20\x77\x68\x69\x6c\x65\x20\x67\x65\x74\x74\x69\
\x6e\x67\x20\x70\x72\x6f\x63\x65\x73\x73\x20\x6e\x61\x6d\x65\0\x5b\x21\x5d\x20\
\x45\x72\x72\x6f\x72\x20\x77\x68\x69\x6c\x65\x20\x67\x65\x74\x74\x69\x6e\x67\
\x20\x70\x72\x6f\x63\x65\x73\x73\x20\x74\x6f\x20\x74\x72\x61\x63\x65\0\0\x47\
\x50\x4c\0\0\x28\0\0\0\0\0\0\0\x01\0\0\0\xda\0\0\0\x80\0\0\0\0\0\0\0\x01\0\0\0\
\xd7\0\0\0\xb8\0\0\0\0\0\0\0\x01\0\0\0\xdb\0\0\0\xe0\0\0\0\0\0\0\0\x01\0\0\0\
\xd7\0\0\0\xd0\x02\0\0\0\0\0\0\x01\0\0\0\xd7\0\0\0\xf8\x02\0\0\0\0\0\0\x01\0\0\
\0\xdc\0\0\0\x10\0\0\0\0\0\0\0\x01\0\0\0\xde\0\0\0\x40\0\0\0\0\0\0\0\x01\0\0\0\
\xd7\0\0\0\x78\0\0\0\0\0\0\0\x01\0\0\0\xdb\0\0\0\xa0\0\0\0\0\0\0\0\x01\0\0\0\
\xd7\0\0\0\0\x02\0\0\0\0\0\0\x01\0\0\0\xde\0\0\0\x40\0\0\0\0\0\0\0\x01\0\0\0\
\xd7\0\0\0\x78\0\0\0\0\0\0\0\x01\0\0\0\xdb\0\0\0\xa0\0\0\0\0\0\0\0\x01\0\0\0\
\xd7\0\0\0\0\x02\0\0\0\0\0\0\x01\0\0\0\xde\0\0\0\x38\0\0\0\0\0\0\0\x01\0\0\0\
\xd7\0\0\0\x70\0\0\0\0\0\0\0\x01\0\0\0\xdb\0\0\0\x98\0\0\0\0\0\0\0\x01\0\0\0\
\xd7\0\0\0\xf8\x01\0\0\0\0\0\0\x01\0\0\0\xde\0\0\0\x40\0\0\0\0\0\0\0\x01\0\0\0\
\xd7\0\0\0\x78\0\0\0\0\0\0\0\x01\0\0\0\xdb\0\0\0\xa0\0\0\0\0\0\0\0\x01\0\0\0\
\xd7\0\0\0\0\x02\0\0\0\0\0\0\x01\0\0\0\xde\0\0\0\x40\0\0\0\0\0\0\0\x01\0\0\0\
\xd7\0\0\0\x78\0\0\0\0\0\0\0\x01\0\0\0\xdb\0\0\0\xa0\0\0\0\0\0\0\0\x01\0\0\0\
\xd7\0\0\0\0\x02\0\0\0\0\0\0\x01\0\0\0\xde\0\0\0\x40\0\0\0\0\0\0\0\x01\0\0\0\
\xd7\0\0\0\x78\0\0\0\0\0\0\0\x01\0\0\0\xdb\0\0\0\xa0\0\0\0\0\0\0\0\x01\0\0\0\
\xd7\0\0\0\0\x02\0\0\0\0\0\0\x01\0\0\0\xde\0\0\0\xd0\0\0\0\0\0\0\0\x01\0\0\0\
\xd7\0\0\0\x08\x01\0\0\0\0\0\0\x01\0\0\0\xd7\0\0\0\x20\x01\0\0\0\0\0\0\x01\0\0\
\0\xd8\0\0\0\x40\0\0\0\0\0\0\0\x01\0\0\0\xd7\0\0\0\x78\0\0\0\0\0\0\0\x01\0\0\0\
\xdb\0\0\0\xa0\0\0\0\0\0\0\0\x01\0\0\0\xd7\0\0\0\0\x02\0\0\0\0\0\0\x01\0\0\0\
\xde\0\0\0\x40\0\0\0\0\0\0\0\x01\0\0\0\xd7\0\0\0\x78\0\0\0\0\0\0\0\x01\0\0\0\
\xdb\0\0\0\xa0\0\0\0\0\0\0\0\x01\0\0\0\xd7\0\0\0\0\x02\0\0\0\0\0\0\x01\0\0\0\
\xde\0\0\0\x40\0\0\0\0\0\0\0\x01\0\0\0\xd7\0\0\0\x78\0\0\0\0\0\0\0\x01\0\0\0\
\xdb\0\0\0\xa0\0\0\0\0\0\0\0\x01\0\0\0\xd7\0\0\0\0\x02\0\0\0\0\0\0\x01\0\0\0\
\xde\0\0\0\x40\0\0\0\0\0\0\0\x01\0\0\0\xd7\0\0\0\x78\0\0\0\0\0\0\0\x01\0\0\0\
\xdb\0\0\0\xa0\0\0\0\0\0\0\0\x01\0\0\0\xd7\0\0\0\x08\x02\0\0\0\0\0\0\x01\0\0\0\
\xde\0\0\0\x40\0\0\0\0\0\0\0\x01\0\0\0\xd7\0\0\0\x78\0\0\0\0\0\0\0\x01\0\0\0\
\xdb\0\0\0\xa0\0\0\0\0\0\0\0\x01\0\0\0\xd7\0\0\0\0\x02\0\0\0\0\0\0\x01\0\0\0\
\xde\0\0\0\x40\0\0\0\0\0\0\0\x01\0\0\0\xd7\0\0\0\x78\0\0\0\0\0\0\0\x01\0\0\0\
\xdb\0\0\0\xa0\0\0\0\0\0\0\0\x01\0\0\0\xd7\0\0\0\0\x02\0\0\0\0\0\0\x01\0\0\0\
\xde\0\0\0\x40\0\0\0\0\0\0\0\x01\0\0\0\xd7\0\0\0\x78\0\0\0\0\0\0\0\x01\0\0\0\
\xdb\0\0\0\xa0\0\0\0\0\0\0\0\x01\0\0\0\xd7\0\0\0\0\x02\0\0\0\0\0\0\x01\0\0\0\
\xde\0\0\0\x40\0\0\0\0\0\0\0\x01\0\0\0\xd7\0\0\0\x78\0\0\0\0\0\0\0\x01\0\0\0\
\xdb\0\0\0\xa0\0\0\0\0\0\0\0\x01\0\0\0\xd7\0\0\0\0\x02\0\0\0\0\0\0\x01\0\0\0\
\xde\0\0\0\x40\0\0\0\0\0\0\0\x01\0\0\0\xd7\0\0\0\x78\0\0\0\0\0\0\0\x01\0\0\0\
\xdb\0\0\0\xa0\0\0\0\0\0\0\0\x01\0\0\0\xd7\0\0\0\0\x02\0\0\0\0\0\0\x01\0\0\0\
\xde\0\0\0\x40\0\0\0\0\0\0\0\x01\0\0\0\xd7\0\0\0\x78\0\0\0\0\0\0\0\x01\0\0\0\
\xdb\0\0\0\xa0\0\0\0\0\0\0\0\x01\0\0\0\xd7\0\0\0\0\x02\0\0\0\0\0\0\x01\0\0\0\
\xde\0\0\0\x40\0\0\0\0\0\0\0\x01\0\0\0\xd7\0\0\0\x78\0\0\0\0\0\0\0\x01\0\0\0\
\xdb\0\0\0\xa0\0\0\0\0\0\0\0\x01\0\0\0\xd7\0\0\0\0\x02\0\0\0\0\0\0\x01\0\0\0\
\xde\0\0\0\x9f\xeb\x01\0\x18\0\0\0\0\0\0\0\xb0\x07\0\0\xb0\x07\0\0\xce\x17\0\0\
\0\0\0\0\0\0\0\x02\x03\0\0\0\x01\0\0\0\0\0\0\x01\x04\0\0\0\x20\0\0\x01\0\0\0\0\
\0\0\0\x03\0\0\0\0\x02\0\0\0\x04\0\0\0\x06\0\0\0\x05\0\0\0\0\0\0\x01\x04\0\0\0\
\x20\0\0\0\0\0\0\0\0\0\0\x02\x06\0\0\0\0\0\0\0\0\0\0\x03\0\0\0\0\x02\0\0\0\x04\
\0\0\0\x01\0\0\0\0\0\0\0\0\0\0\x02\x08\0\0\0\x19\0\0\0\0\0\0\x08\x09\0\0\0\x1f\
\0\0\0\0\0\0\x01\x04\0\0\0\x20\0\0\0\0\0\0\0\0\0\0\x02\x0b\0\0\0\x2c\0\0\0\x05\
\0\0\x04\x58\x06\0\0\x3a\0\0\0\x02\0\0\0\0\0\0\0\x3e\0\0\0\x0c\0\0\0\x40\0\0\0\
\x4e\0\0\0\x02\0\0\0\x80\0\0\0\x5e\0\0\0\x0f\0\0\0\xc0\0\0\0\x69\0\0\0\x0f\0\0\
\0\xc0\x19\0\0\x74\0\0\0\0\0\0\x01\x08\0\0\0\x40\0\0\0\x82\0\0\0\0\0\0\x08\x0e\
\0\0\0\x88\0\0\0\0\0\0\x01\x08\0\0\0\x40\0\0\0\0\0\0\0\0\0\0\x03\0\0\0\0\x0d\0\
\0\0\x04\0\0\0\x64\0\0\0\0\0\0\0\x04\0\0\x04\x20\0\0\0\x9b\0\0\0\x01\0\0\0\0\0\
\0\0\xa0\0\0\0\x05\0\0\0\x40\0\0\0\xac\0\0\0\x07\0\0\0\x80\0\0\0\xb0\0\0\0\x0a\
\0\0\0\xc0\0\0\0\xb6\0\0\0\0\0\0\x0e\x10\0\0\0\x01\0\0\0\0\0\0\0\0\0\0\x02\x13\
\0\0\0\0\0\0\0\0\0\0\x03\0\0\0\0\x02\0\0\0\x04\0\0\0\x04\0\0\0\0\0\0\0\0\0\0\
\x02\x15\0\0\0\0\0\0\0\0\0\0\x03\0\0\0\0\x02\0\0\0\x04\0\0\0\x02\0\0\0\0\0\0\0\
\x04\0\0\x04\x20\0\0\0\x9b\0\0\0\x12\0\0\0\0\0\0\0\xa0\0\0\0\x14\0\0\0\x40\0\0\
\0\xc4\0\0\0\x12\0\0\0\x80\0\0\0\xcd\0\0\0\x12\0\0\0\xc0\0\0\0\xd8\0\0\0\0\0\0\
\x0e\x16\0\0\0\x01\0\0\0\0\0\0\0\0\0\0\x02\x19\0\0\0\0\0\0\0\0\0\0\x03\0\0\0\0\
\x02\0\0\0\x04\0\0\0\x1b\0\0\0\0\0\0\0\0\0\0\x02\x1b\0\0\0\0\0\0\0\0\0\0\x03\0\
\0\0\0\x02\0\0\0\x04\0\0\0\0\x10\0\0\0\0\0\0\x02\0\0\x04\x10\0\0\0\x9b\0\0\0\
\x18\0\0\0\0\0\0\0\xa0\0\0\0\x1a\0\0\0\x40\0\0\0\xe0\0\0\0\0\0\0\x0e\x1c\0\0\0\
\x01\0\0\0\0\0\0\0\0\0\0\x02\x1f\0\0\0\0\0\0\0\0\0\0\x03\0\0\0\0\x02\0\0\0\x04\
\0\0\0\x0a\0\0\0\0\0\0\0\0\0\0\x02\x22\0\0\0\xef\0\0\0\0\0\0\x01\x01\0\0\0\x08\
\0\0\x01\0\0\0\0\0\0\0\x03\0\0\0\0\x21\0\0\0\x04\0\0\0\x64\0\0\0\0\0\0\0\x04\0\
\0\x04\x20\0\0\0\x9b\0\0\0\x14\0\0\0\0\0\0\0\xa0\0\0\0\x1e\0\0\0\x40\0\0\0\xac\
\0\0\0\x07\0\0\0\x80\0\0\0\xb0\0\0\0\x20\0\0\0\xc0\0\0\0\xf4\0\0\0\0\0\0\x0e\
\x23\0\0\0\x01\0\0\0\0\0\0\0\0\0\0\x02\x26\0\0\0\0\x01\0\0\x05\0\0\x04\x48\0\0\
\0\x0e\x01\0\0\x27\0\0\0\0\0\0\0\x3a\0\0\0\x08\0\0\0\x40\0\0\0\x1b\x01\0\0\x08\
\0\0\0\x60\0\0\0\x20\x01\0\0\x0d\0\0\0\x80\0\0\0\x2b\x01\0\0\x28\0\0\0\xc0\0\0\
\0\0\0\0\0\0\0\0\x02\x21\0\0\0\0\0\0\0\0\0\0\x03\0\0\0\0\x0d\0\0\0\x04\0\0\0\
\x06\0\0\0\0\0\0\0\x04\0\0\x04\x20\0\0\0\x9b\0\0\0\x01\0\0\0\0\0\0\0\xa0\0\0\0\
\x05\0\0\0\x40\0\0\0\xac\0\0\0\x07\0\0\0\x80\0\0\0\xb0\0\0\0\x25\0\0\0\xc0\0\0\
\0\x30\x01\0\0\0\0\0\x0e\x29\0\0\0\x01\0\0\0\0\0\0\0\0\0\0\x02\0\0\0\0\0\0\0\0\
\x01\0\0\x0d\x02\0\0\0\x3c\x01\0\0\x2b\0\0\0\x40\x01\0\0\x01\0\0\x0c\x2c\0\0\0\
\0\0\0\0\0\0\0\x02\x2f\0\0\0\x4f\x01\0\0\x04\0\0\x04\x40\0\0\0\x69\x01\0\0\x30\
\0\0\0\0\0\0\0\x6d\x01\0\0\x33\0\0\0\x40\0\0\0\x2b\x01\0\0\x34\0\0\0\x80\0\0\0\
\x70\x01\0\0\x35\0\0\0\0\x02\0\0\x77\x01\0\0\x04\0\0\x04\x08\0\0\0\x9b\0\0\0\
\x31\0\0\0\0\0\0\0\x83\x01\0\0\x32\0\0\0\x10\0\0\0\x89\x01\0\0\x32\0\0\0\x18\0\
\0\0\x3a\0\0\0\x02\0\0\0\x20\0\0\0\x97\x01\0\0\0\0\0\x01\x02\0\0\0\x10\0\0\0\
\xa6\x01\0\0\0\0\0\x01\x01\0\0\0\x08\0\0\0\xb4\x01\0\0\0\0\0\x01\x08\0\0\0\x40\
\0\0\x01\0\0\0\0\0\0\0\x03\0\0\0\0\x0c\0\0\0\x04\0\0\0\x06\0\0\0\0\0\0\0\0\0\0\
\x03\0\0\0\0\x21\0\0\0\x04\0\0\0\0\0\0\0\0\0\0\0\x01\0\0\x0d\x02\0\0\0\x3c\x01\
\0\0\x2e\0\0\0\xb9\x01\0\0\x01\0\0\x0c\x36\0\0\0\xd9\x01\0\0\x01\0\0\x0c\x36\0\
\0\0\xe5\x01\0\0\x01\0\0\x0c\x36\0\0\0\xf3\x01\0\0\x01\0\0\x0c\x36\0\0\0\xff\
\x01\0\0\x01\0\0\x0c\x36\0\0\0\x0c\x02\0\0\x01\0\0\x0c\x36\0\0\0\x1c\x02\0\0\
\x01\0\0\x0c\x36\0\0\0\x2a\x02\0\0\x01\0\0\x0c\x36\0\0\0\x36\x02\0\0\x01\0\0\
\x0c\x36\0\0\0\x42\x02\0\0\x01\0\0\x0c\x36\0\0\0\x4f\x02\0\0\x01\0\0\x0c\x36\0\
\0\0\x5c\x02\0\0\x01\0\0\x0c\x36\0\0\0\x69\x02\0\0\x01\0\0\x0c\x36\0\0\0\x77\
\x02\0\0\x01\0\0\x0c\x36\0\0\0\x8b\x02\0\0\x01\0\0\x0c\x36\0\0\0\x99\x02\0\0\
\x01\0\0\x0c\x36\0\0\0\xa7\x02\0\0\x01\0\0\x0c\x36\0\0\0\xb5\x02\0\0\x01\0\0\
\x0c\x36\0\0\0\xc2\x02\0\0\x01\0\0\x0c\x36\0\0\0\0\0\0\0\0\0\0\x0a\x21\0\0\0\0\
\0\0\0\0\0\0\x03\0\0\0\0\x4a\0\0\0\x04\0\0\0\x28\0\0\0\xd0\x02\0\0\0\0\0\x0e\
\x4b\0\0\0\0\0\0\0\0\0\0\0\0\0\0\x03\0\0\0\0\x4a\0\0\0\x04\0\0\0\x1f\0\0\0\xe9\
\x02\0\0\0\0\0\x0e\x4d\0\0\0\0\0\0\0\0\0\0\0\0\0\0\x03\0\0\0\0\x4a\0\0\0\x04\0\
\0\0\x2d\0\0\0\xfd\x02\0\0\0\0\0\x0e\x4f\0\0\0\0\0\0\0\0\0\0\0\0\0\0\x03\0\0\0\
\0\x21\0\0\0\x04\0\0\0\x01\0\0\0\0\0\0\0\0\0\0\x03\0\0\0\0\x21\0\0\0\x04\0\0\0\
\x04\0\0\0\x13\x03\0\0\0\0\0\x0e\x52\0\0\0\x01\0\0\0\0\0\0\0\0\0\0\x03\0\0\0\0\
\x4a\0\0\0\x04\0\0\0\x25\0\0\0\x1c\x03\0\0\0\0\0\x0e\x54\0\0\0\0\0\0\0\0\0\0\0\
\0\0\0\x03\0\0\0\0\x4a\0\0\0\x04\0\0\0\x29\0\0\0\x36\x03\0\0\0\0\0\x0e\x56\0\0\
\0\0\0\0\0\xfa\x14\0\0\x05\0\0\x0f\x90\0\0\0\x11\0\0\0\0\0\0\0\x20\0\0\0\x17\0\
\0\0\x20\0\0\0\x20\0\0\0\x1d\0\0\0\x40\0\0\0\x10\0\0\0\x24\0\0\0\x50\0\0\0\x20\
\0\0\0\x2a\0\0\0\x70\0\0\0\x20\0\0\0\0\x15\0\0\x05\0\0\x0f\xc2\0\0\0\x4c\0\0\0\
\0\0\0\0\x28\0\0\0\x4e\0\0\0\x28\0\0\0\x1f\0\0\0\x50\0\0\0\x47\0\0\0\x2d\0\0\0\
\x55\0\0\0\x74\0\0\0\x25\0\0\0\x57\0\0\0\x99\0\0\0\x29\0\0\0\x08\x15\0\0\x01\0\
\0\x0f\x04\0\0\0\x53\0\0\0\0\0\0\0\x04\0\0\0\0\x69\x6e\x74\0\x5f\x5f\x41\x52\
\x52\x41\x59\x5f\x53\x49\x5a\x45\x5f\x54\x59\x50\x45\x5f\x5f\0\x5f\x5f\x75\x33\
\x32\0\x75\x6e\x73\x69\x67\x6e\x65\x64\x20\x69\x6e\x74\0\x73\x74\x61\x63\x6b\
\x5f\x74\x72\x61\x63\x65\x5f\x74\0\x70\x69\x64\0\x6b\x65\x72\x6e\x5f\x73\x74\
\x61\x63\x6b\x5f\x73\x69\x7a\x65\0\x75\x73\x65\x72\x5f\x73\x74\x61\x63\x6b\x5f\
\x73\x69\x7a\x65\0\x6b\x65\x72\x6e\x5f\x73\x74\x61\x63\x6b\0\x75\x73\x65\x72\
\x5f\x73\x74\x61\x63\x6b\0\x75\x6e\x73\x69\x67\x6e\x65\x64\x20\x6c\x6f\x6e\x67\
\0\x5f\x5f\x75\x36\x34\0\x75\x6e\x73\x69\x67\x6e\x65\x64\x20\x6c\x6f\x6e\x67\
\x20\x6c\x6f\x6e\x67\0\x74\x79\x70\x65\0\x6d\x61\x78\x5f\x65\x6e\x74\x72\x69\
\x65\x73\0\x6b\x65\x79\0\x76\x61\x6c\x75\x65\0\x73\x74\x61\x63\x6b\x64\x61\x74\
\x61\x5f\x6d\x61\x70\0\x6b\x65\x79\x5f\x73\x69\x7a\x65\0\x76\x61\x6c\x75\x65\
\x5f\x73\x69\x7a\x65\0\x70\x65\x72\x66\x6d\x61\x70\0\x73\x79\x73\x63\x61\x6c\
\x6c\x5f\x72\x62\x5f\x6d\x61\x70\0\x63\x68\x61\x72\0\x70\x72\x6f\x67\x72\x61\
\x6d\x5f\x6d\x61\x70\0\x72\x61\x77\x5f\x73\x79\x73\x63\x61\x6c\x6c\x5f\x74\0\
\x70\x72\x6f\x67\x72\x61\x6d\x5f\x6e\x61\x6d\x65\0\x74\x67\x69\x64\0\x73\x79\
\x73\x63\x61\x6c\x6c\x5f\x69\x64\0\x61\x72\x67\x73\0\x73\x79\x73\x63\x61\x6c\
\x6c\x5f\x6d\x61\x70\0\x63\x74\x78\0\x67\x65\x74\x5f\x73\x74\x61\x63\x6b\x74\
\x72\x61\x63\x65\0\x74\x72\x61\x63\x65\x5f\x65\x76\x65\x6e\x74\x5f\x72\x61\x77\
\x5f\x73\x79\x73\x5f\x65\x6e\x74\x65\x72\0\x65\x6e\x74\0\x69\x64\0\x5f\x5f\x64\
\x61\x74\x61\0\x74\x72\x61\x63\x65\x5f\x65\x6e\x74\x72\x79\0\x66\x6c\x61\x67\
\x73\0\x70\x72\x65\x65\x6d\x70\x74\x5f\x63\x6f\x75\x6e\x74\0\x75\x6e\x73\x69\
\x67\x6e\x65\x64\x20\x73\x68\x6f\x72\x74\0\x75\x6e\x73\x69\x67\x6e\x65\x64\x20\
\x63\x68\x61\x72\0\x6c\x6f\x6e\x67\0\x74\x65\x72\x6d\x69\x6e\x61\x74\x65\x5f\
\x70\x74\x72\x61\x63\x65\x5f\x62\x61\x73\x65\x64\x5f\x64\x65\x62\x75\x67\x67\
\x65\x72\0\x72\x65\x61\x64\x5f\x64\x65\x63\x6f\x64\x65\0\x65\x78\x65\x63\x76\
\x65\x5f\x64\x65\x63\x6f\x64\x65\0\x66\x6f\x72\x6b\x5f\x64\x65\x63\x6f\x64\x65\
\0\x63\x6c\x6f\x6e\x65\x5f\x64\x65\x63\x6f\x64\x65\0\x6d\x70\x72\x6f\x74\x65\
\x63\x74\x5f\x64\x65\x63\x6f\x64\x65\0\x6f\x70\x65\x6e\x61\x74\x5f\x64\x65\x63\
\x6f\x64\x65\0\x6f\x70\x65\x6e\x5f\x64\x65\x63\x6f\x64\x65\0\x6d\x6d\x61\x70\
\x5f\x64\x65\x63\x6f\x64\x65\0\x77\x72\x69\x74\x65\x5f\x64\x65\x63\x6f\x64\x65\
\0\x63\x68\x6f\x77\x6e\x5f\x64\x65\x63\x6f\x64\x65\0\x6d\x6f\x75\x6e\x74\x5f\
\x64\x65\x63\x6f\x64\x65\0\x75\x6d\x6f\x75\x6e\x74\x5f\x64\x65\x63\x6f\x64\x65\
\0\x62\x69\x6e\x64\x65\x72\x5f\x69\x6f\x63\x74\x6c\x5f\x64\x65\x63\x6f\x64\x65\
\0\x73\x65\x74\x75\x69\x64\x5f\x64\x65\x63\x6f\x64\x65\0\x73\x65\x74\x67\x69\
\x64\x5f\x64\x65\x63\x6f\x64\x65\0\x63\x61\x70\x73\x65\x74\x5f\x64\x65\x63\x6f\
\x64\x65\0\x70\x72\x63\x74\x6c\x5f\x64\x65\x63\x6f\x64\x65\0\x6b\x65\x79\x63\
\x74\x6c\x5f\x64\x65\x63\x6f\x64\x65\0\x67\x65\x74\x5f\x73\x74\x61\x63\x6b\x74\
\x72\x61\x63\x65\x2e\x5f\x5f\x5f\x5f\x66\x6d\x74\x2e\x31\0\x6f\x70\x65\x6e\x5f\
\x64\x65\x63\x6f\x64\x65\x2e\x5f\x5f\x5f\x5f\x66\x6d\x74\0\x6f\x70\x65\x6e\x5f\
\x64\x65\x63\x6f\x64\x65\x2e\x5f\x5f\x5f\x5f\x66\x6d\x74\x2e\x32\0\x5f\x6c\x69\
\x63\x65\x6e\x73\x65\0\x69\x73\x5f\x74\x61\x72\x67\x65\x74\x5f\x70\x72\x6f\x67\
\x72\x61\x6d\x2e\x5f\x5f\x5f\x5f\x66\x6d\x74\0\x69\x73\x5f\x74\x61\x72\x67\x65\
\x74\x5f\x70\x72\x6f\x67\x72\x61\x6d\x2e\x5f\x5f\x5f\x5f\x66\x6d\x74\x2e\x33\0\
\x2f\x68\x6f\x6d\x65\x2f\x6d\x61\x74\x74\x65\x6f\x2f\x44\x6f\x63\x75\x6d\x65\
\x6e\x74\x73\x2f\x47\x69\x74\x48\x75\x62\x2f\x65\x70\x74\x72\x61\x63\x65\x72\
\x2f\x73\x72\x63\x2f\x65\x70\x74\x72\x61\x63\x65\x72\x2e\x62\x70\x66\x2e\x63\0\
\x69\x6e\x74\x20\x67\x65\x74\x5f\x73\x74\x61\x63\x6b\x74\x72\x61\x63\x65\x28\
\x76\x6f\x69\x64\x20\x2a\x63\x74\x78\x29\0\x20\x20\x20\x20\x5f\x5f\x75\x33\x32\
\x20\x6b\x65\x79\x20\x3d\x20\x30\x2c\x20\x70\x69\x64\x20\x3d\x20\x30\x2c\x20\
\x74\x67\x69\x64\x20\x3d\x20\x30\x2c\x20\x70\x72\x6f\x67\x5f\x63\x6d\x70\x5f\
\x72\x65\x73\x20\x3d\x20\x30\x2c\x20\x70\x72\x6f\x63\x65\x73\x73\x65\x64\x5f\
\x63\x68\x61\x72\x20\x3d\x20\x30\x3b\0\x20\x20\x20\x20\x64\x61\x74\x61\x20\x3d\
\x20\x62\x70\x66\x5f\x6d\x61\x70\x5f\x6c\x6f\x6f\x6b\x75\x70\x5f\x65\x6c\x65\
\x6d\x28\x26\x73\x74\x61\x63\x6b\x64\x61\x74\x61\x5f\x6d\x61\x70\x2c\x20\x26\
\x6b\x65\x79\x29\x3b\0\x20\x20\x20\x20\x69\x66\x20\x28\x21\x64\x61\x74\x61\x29\
\0\x20\x20\x20\x20\x5f\x5f\x75\x33\x32\x20\x6b\x65\x79\x20\x3d\x20\x30\x2c\x20\
\x70\x69\x64\x20\x3d\x20\x30\x3b\0\x20\x20\x20\x20\x69\x66\x20\x28\x62\x70\x66\
\x5f\x67\x65\x74\x5f\x63\x75\x72\x72\x65\x6e\x74\x5f\x63\x6f\x6d\x6d\x28\x26\
\x70\x72\x6f\x67\x72\x61\x6d\x5f\x6e\x61\x6d\x65\x2c\x20\x4d\x41\x58\x5f\x50\
\x52\x4f\x47\x52\x41\x4d\x5f\x53\x54\x52\x49\x4e\x47\x5f\x4c\x45\x4e\x29\x20\
\x3c\x20\x30\x29\0\x20\x20\x20\x20\x20\x20\x20\x20\x62\x70\x66\x5f\x70\x72\x69\
\x6e\x74\x6b\x28\x22\x5b\x21\x5d\x20\x45\x72\x72\x6f\x72\x20\x77\x68\x69\x6c\
\x65\x20\x67\x65\x74\x74\x69\x6e\x67\x20\x70\x72\x6f\x63\x65\x73\x73\x20\x6e\
\x61\x6d\x65\x22\x29\x3b\0\x20\x20\x20\x20\x70\x72\x6f\x67\x72\x61\x6d\x5f\x74\
\x6f\x5f\x74\x72\x61\x63\x65\x20\x3d\x20\x62\x70\x66\x5f\x6d\x61\x70\x5f\x6c\
\x6f\x6f\x6b\x75\x70\x5f\x65\x6c\x65\x6d\x28\x26\x70\x72\x6f\x67\x72\x61\x6d\
\x5f\x6d\x61\x70\x2c\x20\x26\x6b\x65\x79\x29\x3b\0\x20\x20\x20\x20\x69\x66\x20\
\x28\x21\x70\x72\x6f\x67\x72\x61\x6d\x5f\x74\x6f\x5f\x74\x72\x61\x63\x65\x29\0\
\x20\x20\x20\x20\x20\x20\x20\x20\x62\x70\x66\x5f\x70\x72\x69\x6e\x74\x6b\x28\
\x22\x5b\x21\x5d\x20\x45\x72\x72\x6f\x72\x20\x77\x68\x69\x6c\x65\x20\x67\x65\
\x74\x74\x69\x6e\x67\x20\x70\x72\x6f\x63\x65\x73\x73\x20\x74\x6f\x20\x74\x72\
\x61\x63\x65\x22\x29\x3b\0\x20\x20\x20\x20\x70\x69\x64\x5f\x74\x67\x69\x64\x20\
\x3d\x20\x62\x70\x66\x5f\x67\x65\x74\x5f\x63\x75\x72\x72\x65\x6e\x74\x5f\x70\
\x69\x64\x5f\x74\x67\x69\x64\x28\x29\x3b\0\x20\x20\x20\x20\x70\x69\x64\x20\x3d\
\x20\x70\x69\x64\x5f\x74\x67\x69\x64\x20\x3e\x3e\x20\x33\x32\x3b\0\x20\x20\x20\
\x20\x20\x20\x20\x20\x69\x66\x20\x28\x21\x63\x31\x29\x20\x62\x72\x65\x61\x6b\
\x3b\0\x20\x20\x20\x20\x20\x20\x20\x20\x63\x31\x20\x3d\x20\x2a\x73\x31\x2b\x2b\
\x3b\0\x20\x20\x20\x20\x20\x20\x20\x20\x63\x32\x20\x3d\x20\x2a\x73\x32\x2b\x2b\
\x3b\0\x20\x20\x20\x20\x20\x20\x20\x20\x69\x66\x20\x28\x63\x31\x20\x21\x3d\x20\
\x63\x32\x29\x20\x72\x65\x74\x75\x72\x6e\x20\x63\x31\x20\x3c\x20\x63\x32\x20\
\x3f\x20\x2d\x31\x20\x3a\x20\x31\x3b\0\x20\x20\x20\x20\x20\x20\x20\x20\x20\x20\
\x20\x20\x69\x66\x20\x28\x63\x20\x3e\x3d\x20\x27\x30\x27\x20\x26\x26\x20\x63\
\x20\x3c\x3d\x20\x27\x39\x27\x29\x20\x7b\0\x20\x20\x20\x20\x20\x20\x20\x20\x66\
\x6f\x72\x20\x28\x69\x6e\x74\x20\x69\x20\x3d\x20\x30\x3b\x20\x69\x20\x3c\x20\
\x4d\x41\x58\x5f\x50\x52\x4f\x47\x52\x41\x4d\x5f\x53\x54\x52\x49\x4e\x47\x5f\
\x4c\x45\x4e\x3b\x20\x69\x2b\x2b\x29\x20\x7b\0\x20\x20\x20\x20\x20\x20\x20\x20\
\x69\x66\x20\x28\x70\x69\x64\x5f\x74\x6f\x5f\x74\x72\x61\x63\x65\x20\x3d\x3d\
\x20\x30\x20\x7c\x7c\x20\x70\x69\x64\x5f\x74\x6f\x5f\x74\x72\x61\x63\x65\x20\
\x21\x3d\x20\x70\x69\x64\x29\0\x20\x20\x20\x20\x20\x20\x20\x20\x20\x20\x20\x20\
\x63\x68\x61\x72\x20\x63\x20\x3d\x20\x70\x72\x6f\x67\x72\x61\x6d\x5f\x74\x6f\
\x5f\x74\x72\x61\x63\x65\x5b\x69\x5d\x3b\0\x20\x20\x20\x20\x69\x66\x20\x28\x21\
\x70\x69\x64\x29\0\x20\x20\x20\x20\x64\x61\x74\x61\x2d\x3e\x70\x69\x64\x20\x3d\
\x20\x70\x69\x64\x3b\0\x09\x09\x09\x09\x64\x61\x74\x61\x2d\x3e\x6b\x65\x72\x6e\
\x5f\x73\x74\x61\x63\x6b\x2c\0\x20\x20\x20\x20\x64\x61\x74\x61\x2d\x3e\x6b\x65\
\x72\x6e\x5f\x73\x74\x61\x63\x6b\x5f\x73\x69\x7a\x65\x20\x3d\x20\x62\x70\x66\
\x5f\x67\x65\x74\x5f\x73\x74\x61\x63\x6b\x28\0\x09\x09\x09\x09\x64\x61\x74\x61\
\x2d\x3e\x75\x73\x65\x72\x5f\x73\x74\x61\x63\x6b\x2c\0\x20\x20\x20\x20\x64\x61\
\x74\x61\x2d\x3e\x75\x73\x65\x72\x5f\x73\x74\x61\x63\x6b\x5f\x73\x69\x7a\x65\
\x20\x3d\x20\x62\x70\x66\x5f\x67\x65\x74\x5f\x73\x74\x61\x63\x6b\x28\0\x20\x20\
\x20\x20\x69\x66\x20\x28\x64\x61\x74\x61\x2d\x3e\x75\x73\x65\x72\x5f\x73\x74\
\x61\x63\x6b\x5f\x73\x69\x7a\x65\x20\x3c\x20\x30\x29\0\x20\x20\x20\x20\x20\x20\
\x20\x20\x62\x70\x66\x5f\x70\x72\x69\x6e\x74\x6b\x28\x22\x62\x70\x66\x5f\x67\
\x65\x74\x5f\x73\x74\x61\x63\x6b\x3a\x20\x66\x61\x69\x6c\x65\x64\x20\x74\x6f\
\x20\x67\x65\x74\x20\x75\x73\x65\x72\x20\x73\x74\x61\x63\x6b\x22\x29\x3b\0\x20\
\x20\x20\x20\x62\x70\x66\x5f\x70\x65\x72\x66\x5f\x65\x76\x65\x6e\x74\x5f\x6f\
\x75\x74\x70\x75\x74\x28\x63\x74\x78\x2c\x20\x26\x70\x65\x72\x66\x6d\x61\x70\
\x2c\x20\x30\x2c\x20\x64\x61\x74\x61\x2c\x20\x73\x69\x7a\x65\x6f\x66\x28\x2a\
\x64\x61\x74\x61\x29\x29\x3b\0\x7d\0\x69\x6e\x74\x20\x74\x65\x72\x6d\x69\x6e\
\x61\x74\x65\x5f\x70\x74\x72\x61\x63\x65\x5f\x62\x61\x73\x65\x64\x5f\x64\x65\
\x62\x75\x67\x67\x65\x72\x28\x73\x74\x72\x75\x63\x74\x20\x74\x72\x61\x63\x65\
\x5f\x65\x76\x65\x6e\x74\x5f\x72\x61\x77\x5f\x73\x79\x73\x5f\x65\x6e\x74\x65\
\x72\x20\x2a\x63\x74\x78\x29\0\x20\x20\x20\x20\x73\x74\x72\x75\x63\x74\x20\x73\
\x79\x73\x63\x61\x6c\x6c\x5f\x65\x76\x65\x6e\x74\x5f\x74\x20\x2a\x65\x76\x20\
\x3d\x20\x62\x70\x66\x5f\x72\x69\x6e\x67\x62\x75\x66\x5f\x72\x65\x73\x65\x72\
\x76\x65\x28\x26\x73\x79\x73\x63\x61\x6c\x6c\x5f\x72\x62\x5f\x6d\x61\x70\x2c\
\x20\x73\x69\x7a\x65\x6f\x66\x28\x2a\x65\x76\x29\x2c\x20\x30\x29\x3b\0\x20\x20\
\x20\x20\x69\x66\x20\x28\x21\x65\x76\x29\x20\x72\x65\x74\x75\x72\x6e\x20\x30\
\x3b\0\x20\x20\x20\x20\x65\x76\x2d\x3e\x74\x79\x70\x65\x20\x3d\x20\x45\x56\x45\
\x4e\x54\x5f\x50\x54\x52\x41\x43\x45\x3b\0\x20\x20\x20\x20\x65\x76\x2d\x3e\x70\
\x69\x64\x20\x3d\x20\x28\x69\x6e\x74\x29\x63\x74\x78\x2d\x3e\x61\x72\x67\x73\
\x5b\x31\x5d\x3b\0\x20\x20\x20\x20\x65\x76\x2d\x3e\x61\x72\x67\x73\x5b\x30\x5d\
\x20\x3d\x20\x63\x74\x78\x2d\x3e\x61\x72\x67\x73\x5b\x30\x5d\x3b\0\x20\x20\x20\
\x20\x65\x76\x2d\x3e\x61\x72\x67\x73\x5b\x31\x5d\x20\x3d\x20\x63\x74\x78\x2d\
\x3e\x61\x72\x67\x73\x5b\x31\x5d\x3b\0\x20\x20\x20\x20\x65\x76\x2d\x3e\x61\x72\
\x67\x73\x5b\x32\x5d\x20\x3d\x20\x63\x74\x78\x2d\x3e\x61\x72\x67\x73\x5b\x32\
\x5d\x3b\0\x20\x20\x20\x20\x65\x76\x2d\x3e\x61\x72\x67\x73\x5b\x33\x5d\x20\x3d\
\x20\x63\x74\x78\x2d\x3e\x61\x72\x67\x73\x5b\x33\x5d\x3b\0\x20\x20\x20\x20\x62\
\x70\x66\x5f\x72\x69\x6e\x67\x62\x75\x66\x5f\x73\x75\x62\x6d\x69\x74\x28\x65\
\x76\x2c\x20\x30\x29\x3b\0\x20\x20\x20\x20\x62\x70\x66\x5f\x73\x65\x6e\x64\x5f\
\x73\x69\x67\x6e\x61\x6c\x28\x39\x29\x3b\0\x69\x6e\x74\x20\x72\x65\x61\x64\x5f\
\x64\x65\x63\x6f\x64\x65\x28\x73\x74\x72\x75\x63\x74\x20\x74\x72\x61\x63\x65\
\x5f\x65\x76\x65\x6e\x74\x5f\x72\x61\x77\x5f\x73\x79\x73\x5f\x65\x6e\x74\x65\
\x72\x20\x2a\x63\x74\x78\x29\x20\0\x20\x20\x20\x20\x69\x66\x20\x28\x21\x70\x69\
\x64\x29\x20\x72\x65\x74\x75\x72\x6e\x20\x30\x3b\0\x20\x20\x20\x20\x65\x76\x2d\
\x3e\x70\x69\x64\x20\x3d\x20\x70\x69\x64\x3b\0\x20\x20\x20\x20\x65\x76\x2d\x3e\
\x74\x79\x70\x65\x20\x3d\x20\x45\x56\x45\x4e\x54\x5f\x52\x45\x41\x44\x3b\0\x69\
\x6e\x74\x20\x65\x78\x65\x63\x76\x65\x5f\x64\x65\x63\x6f\x64\x65\x28\x73\x74\
\x72\x75\x63\x74\x20\x74\x72\x61\x63\x65\x5f\x65\x76\x65\x6e\x74\x5f\x72\x61\
\x77\x5f\x73\x79\x73\x5f\x65\x6e\x74\x65\x72\x20\x2a\x63\x74\x78\x29\x20\0\x20\
\x20\x20\x20\x65\x76\x2d\x3e\x74\x79\x70\x65\x20\x3d\x20\x45\x56\x45\x4e\x54\
\x5f\x45\x58\x45\x43\x56\x45\x3b\0\x20\x20\x20\x20\x6c\x6f\x6e\x67\x20\x72\x65\
\x74\x20\x3d\x20\x62\x70\x66\x5f\x70\x72\x6f\x62\x65\x5f\x72\x65\x61\x64\x5f\
\x75\x73\x65\x72\x28\x65\x76\x2d\x3e\x73\x74\x72\x31\x2c\x20\x4d\x41\x58\x5f\
\x42\x55\x46\x5f\x53\x49\x5a\x45\x2c\x20\x28\x76\x6f\x69\x64\x2a\x29\x63\x74\
\x78\x2d\x3e\x61\x72\x67\x73\x5b\x30\x5d\x29\x3b\0\x20\x20\x20\x20\x69\x66\x20\
\x28\x72\x65\x74\x20\x3c\x20\x30\x29\x20\x7b\0\x20\x20\x20\x20\x20\x20\x20\x20\
\x62\x70\x66\x5f\x72\x69\x6e\x67\x62\x75\x66\x5f\x64\x69\x73\x63\x61\x72\x64\
\x28\x65\x76\x2c\x20\x30\x29\x3b\0\x20\x20\x20\x20\x65\x76\x2d\x3e\x73\x74\x72\
\x31\x5b\x4d\x41\x58\x5f\x42\x55\x46\x5f\x53\x49\x5a\x45\x5d\x20\x3d\x20\x30\
\x3b\0\x69\x6e\x74\x20\x66\x6f\x72\x6b\x5f\x64\x65\x63\x6f\x64\x65\x28\x73\x74\
\x72\x75\x63\x74\x20\x74\x72\x61\x63\x65\x5f\x65\x76\x65\x6e\x74\x5f\x72\x61\
\x77\x5f\x73\x79\x73\x5f\x65\x6e\x74\x65\x72\x20\x2a\x63\x74\x78\x29\x20\0\x20\
\x20\x20\x20\x65\x76\x2d\x3e\x74\x79\x70\x65\x20\x3d\x20\x45\x56\x45\x4e\x54\
\x5f\x46\x4f\x52\x4b\x3b\0\x69\x6e\x74\x20\x63\x6c\x6f\x6e\x65\x5f\x64\x65\x63\
\x6f\x64\x65\x28\x73\x74\x72\x75\x63\x74\x20\x74\x72\x61\x63\x65\x5f\x65\x76\
\x65\x6e\x74\x5f\x72\x61\x77\x5f\x73\x79\x73\x5f\x65\x6e\x74\x65\x72\x20\x2a\
\x63\x74\x78\x29\x20\0\x20\x20\x20\x20\x65\x76\x2d\x3e\x74\x79\x70\x65\x20\x3d\
\x20\x45\x56\x45\x4e\x54\x5f\x43\x4c\x4f\x4e\x45\x3b\0\x69\x6e\x74\x20\x6d\x70\
\x72\x6f\x74\x65\x63\x74\x5f\x64\x65\x63\x6f\x64\x65\x28\x73\x74\x72\x75\x63\
\x74\x20\x74\x72\x61\x63\x65\x5f\x65\x76\x65\x6e\x74\x5f\x72\x61\x77\x5f\x73\
\x79\x73\x5f\x65\x6e\x74\x65\x72\x20\x2a\x63\x74\x78\x29\x20\0\x20\x20\x20\x20\
\x65\x76\x2d\x3e\x74\x79\x70\x65\x20\x3d\x20\x45\x56\x45\x4e\x54\x5f\x4d\x50\
\x52\x4f\x54\x45\x43\x54\x3b\0\x69\x6e\x74\x20\x6f\x70\x65\x6e\x61\x74\x5f\x64\
\x65\x63\x6f\x64\x65\x28\x73\x74\x72\x75\x63\x74\x20\x74\x72\x61\x63\x65\x5f\
\x65\x76\x65\x6e\x74\x5f\x72\x61\x77\x5f\x73\x79\x73\x5f\x65\x6e\x74\x65\x72\
\x20\x2a\x63\x74\x78\x29\0\x20\x20\x20\x20\x6c\x6f\x6e\x67\x20\x72\x65\x74\x20\
\x3d\x20\x62\x70\x66\x5f\x70\x72\x6f\x62\x65\x5f\x72\x65\x61\x64\x5f\x75\x73\
\x65\x72\x28\x65\x76\x2d\x3e\x73\x74\x72\x31\x2c\x20\x4d\x41\x58\x5f\x42\x55\
\x46\x5f\x53\x49\x5a\x45\x2c\x20\x28\x76\x6f\x69\x64\x2a\x29\x63\x74\x78\x2d\
\x3e\x61\x72\x67\x73\x5b\x31\x5d\x29\x3b\0\x20\x20\x20\x20\x65\x76\x2d\x3e\x74\
\x79\x70\x65\x20\x3d\x20\x45\x56\x45\x4e\x54\x5f\x4f\x50\x45\x4e\x41\x54\x3b\0\
\x20\x20\x20\x20\x65\x76\x2d\x3e\x61\x72\x67\x73\x5b\x30\x5d\x20\x3d\x20\x63\
\x74\x78\x2d\x3e\x61\x72\x67\x73\x5b\x30\x5d\x3b\x20\x2f\x2f\x20\x64\x66\x64\0\
\x20\x20\x20\x20\x65\x76\x2d\x3e\x61\x72\x67\x73\x5b\x32\x5d\x20\x3d\x20\x63\
\x74\x78\x2d\x3e\x61\x72\x67\x73\x5b\x32\x5d\x3b\x20\x2f\x2f\x20\x66\x6c\x61\
\x67\x73\0\x20\x20\x20\x20\x65\x76\x2d\x3e\x61\x72\x67\x73\x5b\x33\x5d\x20\x3d\
\x20\x63\x74\x78\x2d\x3e\x61\x72\x67\x73\x5b\x33\x5d\x3b\x20\x2f\x2f\x20\x6d\
\x6f\x64\x65\0\x69\x6e\x74\x20\x6f\x70\x65\x6e\x5f\x64\x65\x63\x6f\x64\x65\x28\
\x73\x74\x72\x75\x63\x74\x20\x74\x72\x61\x63\x65\x5f\x65\x76\x65\x6e\x74\x5f\
\x72\x61\x77\x5f\x73\x79\x73\x5f\x65\x6e\x74\x65\x72\x20\x2a\x63\x74\x78\x29\0\
\x20\x20\x20\x20\x63\x68\x61\x72\x20\x66\x69\x6c\x65\x6e\x61\x6d\x65\x5b\x4d\
\x41\x58\x5f\x42\x55\x46\x5f\x53\x49\x5a\x45\x20\x2b\x20\x31\x5d\x20\x3d\x20\
\x7b\x30\x7d\x3b\0\x20\x20\x20\x20\x6d\x6f\x64\x65\x20\x3d\x20\x63\x74\x78\x2d\
\x3e\x61\x72\x67\x73\x5b\x32\x5d\x3b\0\x20\x20\x20\x20\x66\x6c\x61\x67\x73\x20\
\x3d\x20\x63\x74\x78\x2d\x3e\x61\x72\x67\x73\x5b\x31\x5d\x3b\0\x20\x20\x20\x20\
\x6c\x6f\x6e\x67\x20\x72\x65\x74\x20\x3d\x20\x62\x70\x66\x5f\x70\x72\x6f\x62\
\x65\x5f\x72\x65\x61\x64\x5f\x75\x73\x65\x72\x28\x66\x69\x6c\x65\x6e\x61\x6d\
\x65\x2c\x20\x4d\x41\x58\x5f\x42\x55\x46\x5f\x53\x49\x5a\x45\x2c\x20\x28\x76\
\x6f\x69\x64\x2a\x29\x63\x74\x78\x2d\x3e\x61\x72\x67\x73\x5b\x30\x5d\x29\x3b\0\
\x20\x20\x20\x20\x20\x20\x20\x20\x62\x70\x66\x5f\x70\x72\x69\x6e\x74\x6b\x28\
\x22\x6f\x70\x65\x6e\x20\x65\x72\x72\x6f\x72\x20\x72\x65\x61\x64\x69\x6e\x67\
\x20\x62\x75\x66\x66\x65\x72\x3a\x20\x25\x6c\x64\x22\x2c\x20\x72\x65\x74\x29\
\x3b\0\x20\x20\x20\x20\x66\x69\x6c\x65\x6e\x61\x6d\x65\x5b\x4d\x41\x58\x5f\x42\
\x55\x46\x5f\x53\x49\x5a\x45\x5d\x20\x3d\x20\x30\x3b\0\x20\x20\x20\x20\x62\x70\
\x66\x5f\x70\x72\x69\x6e\x74\x6b\x28\x22\x6f\x70\x65\x6e\x28\x66\x69\x6c\x65\
\x6e\x61\x6d\x65\x3d\x5c\x22\x25\x73\x5c\x22\x2c\x20\x66\x6c\x61\x67\x73\x3d\
\x5c\x22\x25\x6c\x75\x5c\x22\x2c\x20\x6d\x6f\x64\x65\x3d\x5c\x22\x25\x6c\x75\
\x5c\x22\x29\x22\x2c\x20\x22\x22\x2c\x20\x66\x6c\x61\x67\x73\x2c\x20\x6d\x6f\
\x64\x65\x29\x3b\0\x69\x6e\x74\x20\x6d\x6d\x61\x70\x5f\x64\x65\x63\x6f\x64\x65\
\x28\x73\x74\x72\x75\x63\x74\x20\x74\x72\x61\x63\x65\x5f\x65\x76\x65\x6e\x74\
\x5f\x72\x61\x77\x5f\x73\x79\x73\x5f\x65\x6e\x74\x65\x72\x20\x2a\x63\x74\x78\
\x29\x20\x7b\0\x20\x20\x20\x20\x65\x76\x2d\x3e\x74\x79\x70\x65\x20\x3d\x20\x45\
\x56\x45\x4e\x54\x5f\x4d\x4d\x41\x50\x3b\0\x20\x20\x20\x20\x65\x76\x2d\x3e\x61\
\x72\x67\x73\x5b\x34\x5d\x20\x3d\x20\x63\x74\x78\x2d\x3e\x61\x72\x67\x73\x5b\
\x34\x5d\x3b\0\x20\x20\x20\x20\x65\x76\x2d\x3e\x61\x72\x67\x73\x5b\x35\x5d\x20\
\x3d\x20\x63\x74\x78\x2d\x3e\x61\x72\x67\x73\x5b\x35\x5d\x3b\0\x69\x6e\x74\x20\
\x77\x72\x69\x74\x65\x5f\x64\x65\x63\x6f\x64\x65\x28\x73\x74\x72\x75\x63\x74\
\x20\x74\x72\x61\x63\x65\x5f\x65\x76\x65\x6e\x74\x5f\x72\x61\x77\x5f\x73\x79\
\x73\x5f\x65\x6e\x74\x65\x72\x20\x2a\x63\x74\x78\x29\x20\0\x20\x20\x20\x20\x65\
\x76\x2d\x3e\x74\x79\x70\x65\x20\x3d\x20\x45\x56\x45\x4e\x54\x5f\x57\x52\x49\
\x54\x45\x3b\0\x69\x6e\x74\x20\x63\x68\x6f\x77\x6e\x5f\x64\x65\x63\x6f\x64\x65\
\x28\x73\x74\x72\x75\x63\x74\x20\x74\x72\x61\x63\x65\x5f\x65\x76\x65\x6e\x74\
\x5f\x72\x61\x77\x5f\x73\x79\x73\x5f\x65\x6e\x74\x65\x72\x20\x2a\x63\x74\x78\
\x29\x20\0\x20\x20\x20\x20\x65\x76\x2d\x3e\x74\x79\x70\x65\x20\x3d\x20\x45\x56\
\x45\x4e\x54\x5f\x43\x48\x4f\x57\x4e\x3b\0\x20\x20\x20\x20\x65\x76\x2d\x3e\x61\
\x72\x67\x73\x5b\x31\x5d\x20\x3d\x20\x63\x74\x78\x2d\x3e\x61\x72\x67\x73\x5b\
\x31\x5d\x3b\x20\x2f\x2f\x20\x75\x69\x64\0\x20\x20\x20\x20\x65\x76\x2d\x3e\x61\
\x72\x67\x73\x5b\x32\x5d\x20\x3d\x20\x63\x74\x78\x2d\x3e\x61\x72\x67\x73\x5b\
\x32\x5d\x3b\x20\x2f\x2f\x20\x67\x69\x64\0\x69\x6e\x74\x20\x6d\x6f\x75\x6e\x74\
\x5f\x64\x65\x63\x6f\x64\x65\x28\x73\x74\x72\x75\x63\x74\x20\x74\x72\x61\x63\
\x65\x5f\x65\x76\x65\x6e\x74\x5f\x72\x61\x77\x5f\x73\x79\x73\x5f\x65\x6e\x74\
\x65\x72\x20\x2a\x63\x74\x78\x29\x20\0\x20\x20\x20\x20\x62\x70\x66\x5f\x70\x72\
\x6f\x62\x65\x5f\x72\x65\x61\x64\x5f\x75\x73\x65\x72\x28\x65\x76\x2d\x3e\x73\
\x74\x72\x31\x2c\x20\x4d\x41\x58\x5f\x42\x55\x46\x5f\x53\x49\x5a\x45\x2c\x20\
\x28\x76\x6f\x69\x64\x2a\x29\x63\x74\x78\x2d\x3e\x61\x72\x67\x73\x5b\x30\x5d\
\x29\x3b\0\x20\x20\x20\x20\x62\x70\x66\x5f\x70\x72\x6f\x62\x65\x5f\x72\x65\x61\
\x64\x5f\x75\x73\x65\x72\x28\x65\x76\x2d\x3e\x73\x74\x72\x32\x2c\x20\x4d\x41\
\x58\x5f\x42\x55\x46\x5f\x53\x49\x5a\x45\x2c\x20\x28\x76\x6f\x69\x64\x2a\x29\
\x63\x74\x78\x2d\x3e\x61\x72\x67\x73\x5b\x31\x5d\x29\x3b\0\x20\x20\x20\x20\x62\
\x70\x66\x5f\x70\x72\x6f\x62\x65\x5f\x72\x65\x61\x64\x5f\x75\x73\x65\x72\x28\
\x65\x76\x2d\x3e\x73\x74\x72\x33\x2c\x20\x4d\x41\x58\x5f\x42\x55\x46\x5f\x53\
\x49\x5a\x45\x2c\x20\x28\x76\x6f\x69\x64\x2a\x29\x63\x74\x78\x2d\x3e\x61\x72\
\x67\x73\x5b\x32\x5d\x29\x3b\0\x20\x20\x20\x20\x65\x76\x2d\x3e\x74\x79\x70\x65\
\x20\x3d\x20\x45\x56\x45\x4e\x54\x5f\x4d\x4f\x55\x4e\x54\x3b\0\x20\x20\x20\x20\
\x65\x76\x2d\x3e\x73\x74\x72\x31\x5b\x4d\x41\x58\x5f\x42\x55\x46\x5f\x53\x49\
\x5a\x45\x5d\x20\x3d\x20\x65\x76\x2d\x3e\x73\x74\x72\x32\x5b\x4d\x41\x58\x5f\
\x42\x55\x46\x5f\x53\x49\x5a\x45\x5d\x20\x3d\x20\x65\x76\x2d\x3e\x73\x74\x72\
\x33\x5b\x4d\x41\x58\x5f\x42\x55\x46\x5f\x53\x49\x5a\x45\x5d\x20\x3d\x20\x30\
\x3b\0\x20\x20\x20\x20\x65\x76\x2d\x3e\x61\x72\x67\x73\x5b\x33\x5d\x20\x3d\x20\
\x63\x74\x78\x2d\x3e\x61\x72\x67\x73\x5b\x33\x5d\x3b\x20\x2f\x2f\x20\x66\x6c\
\x61\x67\x73\0\x20\x20\x20\x20\x65\x76\x2d\x3e\x61\x72\x67\x73\x5b\x34\x5d\x20\
\x3d\x20\x63\x74\x78\x2d\x3e\x61\x72\x67\x73\x5b\x34\x5d\x3b\x20\x2f\x2f\x20\
\x64\x61\x74\x61\0\x69\x6e\x74\x20\x75\x6d\x6f\x75\x6e\x74\x5f\x64\x65\x63\x6f\
\x64\x65\x28\x73\x74\x72\x75\x63\x74\x20\x74\x72\x61\x63\x65\x5f\x65\x76\x65\
\x6e\x74\x5f\x72\x61\x77\x5f\x73\x79\x73\x5f\x65\x6e\x74\x65\x72\x20\x2a\x63\
\x74\x78\x29\0\x20\x20\x20\x20\x65\x76\x2d\x3e\x74\x79\x70\x65\x20\x3d\x20\x45\
\x56\x45\x4e\x54\x5f\x55\x4d\x4f\x55\x4e\x54\x3b\0\x69\x6e\x74\x20\x62\x69\x6e\
\x64\x65\x72\x5f\x69\x6f\x63\x74\x6c\x5f\x64\x65\x63\x6f\x64\x65\x28\x73\x74\
\x72\x75\x63\x74\x20\x74\x72\x61\x63\x65\x5f\x65\x76\x65\x6e\x74\x5f\x72\x61\
\x77\x5f\x73\x79\x73\x5f\x65\x6e\x74\x65\x72\x20\x2a\x63\x74\x78\x29\x20\0\x20\
\x20\x20\x20\x65\x76\x2d\x3e\x74\x79\x70\x65\x20\x3d\x20\x45\x56\x45\x4e\x54\
\x5f\x49\x4f\x43\x54\x4c\x3b\0\x69\x6e\x74\x20\x73\x65\x74\x75\x69\x64\x5f\x64\
\x65\x63\x6f\x64\x65\x28\x73\x74\x72\x75\x63\x74\x20\x74\x72\x61\x63\x65\x5f\
\x65\x76\x65\x6e\x74\x5f\x72\x61\x77\x5f\x73\x79\x73\x5f\x65\x6e\x74\x65\x72\
\x20\x2a\x63\x74\x78\x29\x20\0\x20\x20\x20\x20\x65\x76\x2d\x3e\x74\x79\x70\x65\
\x20\x3d\x20\x45\x56\x45\x4e\x54\x5f\x53\x45\x54\x55\x49\x44\x3b\0\x69\x6e\x74\
\x20\x73\x65\x74\x67\x69\x64\x5f\x64\x65\x63\x6f\x64\x65\x28\x73\x74\x72\x75\
\x63\x74\x20\x74\x72\x61\x63\x65\x5f\x65\x76\x65\x6e\x74\x5f\x72\x61\x77\x5f\
\x73\x79\x73\x5f\x65\x6e\x74\x65\x72\x20\x2a\x63\x74\x78\x29\x20\0\x20\x20\x20\
\x20\x65\x76\x2d\x3e\x74\x79\x70\x65\x20\x3d\x20\x45\x56\x45\x4e\x54\x5f\x53\
\x45\x54\x47\x49\x44\x3b\0\x69\x6e\x74\x20\x63\x61\x70\x73\x65\x74\x5f\x64\x65\
\x63\x6f\x64\x65\x28\x73\x74\x72\x75\x63\x74\x20\x74\x72\x61\x63\x65\x5f\x65\
\x76\x65\x6e\x74\x5f\x72\x61\x77\x5f\x73\x79\x73\x5f\x65\x6e\x74\x65\x72\x20\
\x2a\x63\x74\x78\x29\x20\0\x20\x20\x20\x20\x65\x76\x2d\x3e\x74\x79\x70\x65\x20\
\x3d\x20\x45\x56\x45\x4e\x54\x5f\x43\x41\x50\x53\x45\x54\x3b\0\x69\x6e\x74\x20\
\x70\x72\x63\x74\x6c\x5f\x64\x65\x63\x6f\x64\x65\x28\x73\x74\x72\x75\x63\x74\
\x20\x74\x72\x61\x63\x65\x5f\x65\x76\x65\x6e\x74\x5f\x72\x61\x77\x5f\x73\x79\
\x73\x5f\x65\x6e\x74\x65\x72\x20\x2a\x63\x74\x78\x29\x20\0\x20\x20\x20\x20\x65\
\x76\x2d\x3e\x74\x79\x70\x65\x20\x3d\x20\x45\x56\x45\x4e\x54\x5f\x50\x52\x43\
\x54\x4c\x3b\0\x69\x6e\x74\x20\x6b\x65\x79\x63\x74\x6c\x5f\x64\x65\x63\x6f\x64\
\x65\x28\x73\x74\x72\x75\x63\x74\x20\x74\x72\x61\x63\x65\x5f\x65\x76\x65\x6e\
\x74\x5f\x72\x61\x77\x5f\x73\x79\x73\x5f\x65\x6e\x74\x65\x72\x20\x2a\x63\x74\
\x78\x29\0\x20\x20\x20\x20\x65\x76\x2d\x3e\x74\x79\x70\x65\x20\x3d\x20\x45\x56\
\x45\x4e\x54\x5f\x4b\x45\x59\x43\x54\x4c\x3b\0\x30\x3a\x32\x3a\x31\0\x30\x3a\
\x32\x3a\x30\0\x30\x3a\x32\x3a\x32\0\x30\x3a\x32\x3a\x33\0\x30\x3a\x32\x3a\x34\
\0\x30\x3a\x32\x3a\x35\0\x2e\x6d\x61\x70\x73\0\x2e\x72\x6f\x64\x61\x74\x61\0\
\x6c\x69\x63\x65\x6e\x73\x65\0\x70\x65\x72\x66\x5f\x65\x76\x65\x6e\x74\0\x74\
\x72\x61\x63\x65\x70\x6f\x69\x6e\x74\x2f\x73\x79\x73\x63\x61\x6c\x6c\x73\x2f\
\x73\x79\x73\x5f\x65\x6e\x74\x65\x72\x5f\x70\x74\x72\x61\x63\x65\0\x74\x72\x61\
\x63\x65\x70\x6f\x69\x6e\x74\x2f\x73\x79\x73\x63\x61\x6c\x6c\x73\x2f\x73\x79\
\x73\x5f\x65\x6e\x74\x65\x72\x5f\x72\x65\x61\x64\0\x74\x72\x61\x63\x65\x70\x6f\
\x69\x6e\x74\x2f\x73\x79\x73\x63\x61\x6c\x6c\x73\x2f\x73\x79\x73\x5f\x65\x6e\
\x74\x65\x72\x5f\x65\x78\x65\x63\x76\x65\0\x74\x72\x61\x63\x65\x70\x6f\x69\x6e\
\x74\x2f\x73\x79\x73\x63\x61\x6c\x6c\x73\x2f\x73\x79\x73\x5f\x65\x6e\x74\x65\
\x72\x5f\x66\x6f\x72\x6b\0\x74\x72\x61\x63\x65\x70\x6f\x69\x6e\x74\x2f\x73\x79\
\x73\x63\x61\x6c\x6c\x73\x2f\x73\x79\x73\x5f\x65\x6e\x74\x65\x72\x5f\x63\x6c\
\x6f\x6e\x65\0\x74\x72\x61\x63\x65\x70\x6f\x69\x6e\x74\x2f\x73\x79\x73\x63\x61\
\x6c\x6c\x73\x2f\x73\x79\x73\x5f\x65\x6e\x74\x65\x72\x5f\x6d\x70\x72\x6f\x74\
\x65\x63\x74\0\x74\x72\x61\x63\x65\x70\x6f\x69\x6e\x74\x2f\x73\x79\x73\x63\x61\
\x6c\x6c\x73\x2f\x73\x79\x73\x5f\x65\x6e\x74\x65\x72\x5f\x6f\x70\x65\x6e\x61\
\x74\0\x74\x72\x61\x63\x65\x70\x6f\x69\x6e\x74\x2f\x73\x79\x73\x63\x61\x6c\x6c\
\x73\x2f\x73\x79\x73\x5f\x65\x6e\x74\x65\x72\x5f\x6f\x70\x65\x6e\0\x74\x72\x61\
\x63\x65\x70\x6f\x69\x6e\x74\x2f\x73\x79\x73\x63\x61\x6c\x6c\x73\x2f\x73\x79\
\x73\x5f\x65\x6e\x74\x65\x72\x5f\x6d\x6d\x61\x70\0\x74\x72\x61\x63\x65\x70\x6f\
\x69\x6e\x74\x2f\x73\x79\x73\x63\x61\x6c\x6c\x73\x2f\x73\x79\x73\x5f\x65\x6e\
\x74\x65\x72\x5f\x77\x72\x69\x74\x65\0\x74\x72\x61\x63\x65\x70\x6f\x69\x6e\x74\
\x2f\x73\x79\x73\x63\x61\x6c\x6c\x73\x2f\x73\x79\x73\x5f\x65\x6e\x74\x65\x72\
\x5f\x63\x68\x6f\x77\x6e\0\x74\x72\x61\x63\x65\x70\x6f\x69\x6e\x74\x2f\x73\x79\
\x73\x63\x61\x6c\x6c\x73\x2f\x73\x79\x73\x5f\x65\x6e\x74\x65\x72\x5f\x6d\x6f\
\x75\x6e\x74\0\x74\x72\x61\x63\x65\x70\x6f\x69\x6e\x74\x2f\x73\x79\x73\x63\x61\
\x6c\x6c\x73\x2f\x73\x79\x73\x5f\x65\x6e\x74\x65\x72\x5f\x75\x6d\x6f\x75\x6e\
\x74\0\x74\x72\x61\x63\x65\x70\x6f\x69\x6e\x74\x2f\x73\x79\x73\x63\x61\x6c\x6c\
\x73\x2f\x73\x79\x73\x5f\x65\x6e\x74\x65\x72\x5f\x69\x6f\x63\x74\x6c\0\x74\x72\
\x61\x63\x65\x70\x6f\x69\x6e\x74\x2f\x73\x79\x73\x63\x61\x6c\x6c\x73\x2f\x73\
\x79\x73\x5f\x65\x6e\x74\x65\x72\x5f\x73\x65\x74\x75\x69\x64\0\x74\x72\x61\x63\
\x65\x70\x6f\x69\x6e\x74\x2f\x73\x79\x73\x63\x61\x6c\x6c\x73\x2f\x73\x79\x73\
\x5f\x65\x6e\x74\x65\x72\x5f\x73\x65\x74\x67\x69\x64\0\x74\x72\x61\x63\x65\x70\
\x6f\x69\x6e\x74\x2f\x73\x79\x73\x63\x61\x6c\x6c\x73\x2f\x73\x79\x73\x5f\x65\
\x6e\x74\x65\x72\x5f\x63\x61\x70\x73\x65\x74\0\x74\x72\x61\x63\x65\x70\x6f\x69\
\x6e\x74\x2f\x73\x79\x73\x63\x61\x6c\x6c\x73\x2f\x73\x79\x73\x5f\x65\x6e\x74\
\x65\x72\x5f\x70\x72\x63\x74\x6c\0\x74\x72\x61\x63\x65\x70\x6f\x69\x6e\x74\x2f\
\x73\x79\x73\x63\x61\x6c\x6c\x73\x2f\x73\x79\x73\x5f\x65\x6e\x74\x65\x72\x5f\
\x6b\x65\x79\x63\x74\x6c\0\0\0\x9f\xeb\x01\0\x20\0\0\0\0\0\0\0\x44\x01\0\0\x44\
\x01\0\0\x84\x29\0\0\xc8\x2a\0\0\x64\x04\0\0\x08\0\0\0\x10\x15\0\0\x01\0\0\0\0\
\0\0\0\x2d\0\0\0\x1b\x15\0\0\x01\0\0\0\0\0\0\0\x37\0\0\0\x40\x15\0\0\x01\0\0\0\
\0\0\0\0\x38\0\0\0\x63\x15\0\0\x01\0\0\0\0\0\0\0\x39\0\0\0\x88\x15\0\0\x01\0\0\
\0\0\0\0\0\x3a\0\0\0\xab\x15\0\0\x01\0\0\0\0\0\0\0\x3b\0\0\0\xcf\x15\0\0\x01\0\
\0\0\0\0\0\0\x3c\0\0\0\xf6\x15\0\0\x01\0\0\0\0\0\0\0\x3d\0\0\0\x1b\x16\0\0\x01\
\0\0\0\0\0\0\0\x3e\0\0\0\x3e\x16\0\0\x01\0\0\0\0\0\0\0\x3f\0\0\0\x61\x16\0\0\
\x01\0\0\0\0\0\0\0\x40\0\0\0\x85\x16\0\0\x01\0\0\0\0\0\0\0\x41\0\0\0\xa9\x16\0\
\0\x01\0\0\0\0\0\0\0\x42\0\0\0\xcd\x16\0\0\x01\0\0\0\0\0\0\0\x43\0\0\0\xf2\x16\
\0\0\x01\0\0\0\0\0\0\0\x44\0\0\0\x16\x17\0\0\x01\0\0\0\0\0\0\0\x45\0\0\0\x3b\
\x17\0\0\x01\0\0\0\0\0\0\0\x46\0\0\0\x60\x17\0\0\x01\0\0\0\0\0\0\0\x47\0\0\0\
\x85\x17\0\0\x01\0\0\0\0\0\0\0\x48\0\0\0\xa9\x17\0\0\x01\0\0\0\0\0\0\0\x49\0\0\
\0\x10\0\0\0\x10\x15\0\0\x26\0\0\0\0\0\0\0\x52\x03\0\0\x8c\x03\0\0\0\xec\x01\0\
\x10\0\0\0\x52\x03\0\0\xaa\x03\0\0\x0b\0\x02\0\x20\0\0\0\x52\x03\0\0\0\0\0\0\0\
\0\0\0\x28\0\0\0\x52\x03\0\0\xf6\x03\0\0\x0c\x0c\x02\0\x48\0\0\0\x52\x03\0\0\
\x2c\x04\0\0\x09\x10\x02\0\x50\0\0\0\x52\x03\0\0\x3b\x04\0\0\x0b\x38\x01\0\x60\
\0\0\0\x52\x03\0\0\0\0\0\0\0\0\0\0\x68\0\0\0\x52\x03\0\0\x57\x04\0\0\x09\x48\
\x01\0\x78\0\0\0\x52\x03\0\0\x57\x04\0\0\x09\x48\x01\0\x80\0\0\0\x52\x03\0\0\
\xa0\x04\0\0\x09\x50\x01\0\xb0\0\0\0\x52\x03\0\0\xdc\x04\0\0\x18\x60\x01\0\xd8\
\0\0\0\x52\x03\0\0\x1c\x05\0\0\x09\x64\x01\0\xe0\0\0\0\x52\x03\0\0\x37\x05\0\0\
\x09\x6c\x01\0\x08\x01\0\0\x52\x03\0\0\0\0\0\0\0\0\0\0\x10\x01\0\0\x52\x03\0\0\
\x77\x05\0\0\x10\x7c\x01\0\x20\x01\0\0\x52\x03\0\0\xa2\x05\0\0\x14\x80\x01\0\
\x30\x01\0\0\x52\x03\0\0\xbc\x05\0\0\x0d\x14\x01\0\x58\x01\0\0\x52\x03\0\0\xd4\
\x05\0\0\x0e\x08\x01\0\x88\x01\0\0\x52\x03\0\0\xe8\x05\0\0\x0e\x0c\x01\0\x90\
\x01\0\0\x52\x03\0\0\xfc\x05\0\0\x0d\x10\x01\0\xc0\x01\0\0\x52\x03\0\0\x2b\x06\
\0\0\x1a\xa4\x01\0\xd8\x01\0\0\x52\x03\0\0\x53\x06\0\0\x36\x9c\x01\0\xe0\x01\0\
\0\x52\x03\0\0\x53\x06\0\0\x09\x9c\x01\0\xe8\x01\0\0\x52\x03\0\0\x8e\x06\0\0\
\x1f\xc0\x01\0\0\x02\0\0\x52\x03\0\0\xc4\x06\0\0\x16\xa0\x01\0\x38\x02\0\0\x52\
\x03\0\0\xee\x06\0\0\x09\x20\x02\0\x40\x02\0\0\x52\x03\0\0\xfc\x06\0\0\x0f\x34\
\x02\0\x48\x02\0\0\x52\x03\0\0\x11\x07\0\0\x0b\x40\x02\0\x58\x02\0\0\x52\x03\0\
\0\x27\x07\0\0\x1d\x38\x02\0\x78\x02\0\0\x52\x03\0\0\x27\x07\0\0\x1b\x38\x02\0\
\x80\x02\0\0\x52\x03\0\0\x52\x07\0\0\x0b\x60\x02\0\x88\x02\0\0\x52\x03\0\0\x68\
\x07\0\0\x1d\x58\x02\0\xb0\x02\0\0\x52\x03\0\0\x68\x07\0\0\x1b\x58\x02\0\xb8\
\x02\0\0\x52\x03\0\0\x68\x07\0\0\x1d\x58\x02\0\xc8\x02\0\0\x52\x03\0\0\x93\x07\
\0\0\x09\x6c\x02\0\xd0\x02\0\0\x52\x03\0\0\xb6\x07\0\0\x09\x70\x02\0\xf0\x02\0\
\0\x52\x03\0\0\xf5\x07\0\0\x05\x78\x02\0\x28\x03\0\0\x52\x03\0\0\x37\x08\0\0\
\x01\x84\x02\0\x1b\x15\0\0\x11\0\0\0\0\0\0\0\x52\x03\0\0\x39\x08\0\0\0\x94\x02\
\0\x10\0\0\0\x52\x03\0\0\x84\x08\0\0\x22\x9c\x02\0\x38\0\0\0\x52\x03\0\0\xdb\
\x08\0\0\x09\xa0\x02\0\x40\0\0\0\x52\x03\0\0\xf2\x08\0\0\x0e\xa8\x02\0\x48\0\0\
\0\x52\x03\0\0\x0f\x09\0\0\x14\xac\x02\0\x50\0\0\0\x52\x03\0\0\x0f\x09\0\0\x0d\
\xac\x02\0\x58\0\0\0\x52\x03\0\0\x30\x09\0\0\x13\xb0\x02\0\x60\0\0\0\x52\x03\0\
\0\x30\x09\0\0\x11\xb0\x02\0\x68\0\0\0\x52\x03\0\0\x50\x09\0\0\x13\xb4\x02\0\
\x70\0\0\0\x52\x03\0\0\x50\x09\0\0\x11\xb4\x02\0\x78\0\0\0\x52\x03\0\0\x70\x09\
\0\0\x13\xb8\x02\0\x80\0\0\0\x52\x03\0\0\x70\x09\0\0\x11\xb8\x02\0\x88\0\0\0\
\x52\x03\0\0\x90\x09\0\0\x13\xbc\x02\0\x90\0\0\0\x52\x03\0\0\x90\x09\0\0\x11\
\xbc\x02\0\x98\0\0\0\x52\x03\0\0\xb0\x09\0\0\x05\xc0\x02\0\xb0\0\0\0\x52\x03\0\
\0\xcf\x09\0\0\x05\xcc\x02\0\xc0\0\0\0\x52\x03\0\0\x37\x08\0\0\x01\xd4\x02\0\
\x40\x15\0\0\x21\0\0\0\0\0\0\0\x52\x03\0\0\xe7\x09\0\0\0\xe0\x02\0\x10\0\0\0\
\x52\x03\0\0\x3b\x04\0\0\x0b\x38\x01\0\x20\0\0\0\x52\x03\0\0\0\0\0\0\0\0\0\0\
\x28\0\0\0\x52\x03\0\0\x57\x04\0\0\x09\x48\x01\0\x38\0\0\0\x52\x03\0\0\x57\x04\
\0\0\x09\x48\x01\0\x40\0\0\0\x52\x03\0\0\xa0\x04\0\0\x09\x50\x01\0\x70\0\0\0\
\x52\x03\0\0\xdc\x04\0\0\x18\x60\x01\0\x98\0\0\0\x52\x03\0\0\x1c\x05\0\0\x09\
\x64\x01\0\xa0\0\0\0\x52\x03\0\0\x37\x05\0\0\x09\x6c\x01\0\xc8\0\0\0\x52\x03\0\
\0\x77\x05\0\0\x10\x7c\x01\0\xe0\0\0\0\x52\x03\0\0\xa2\x05\0\0\x14\x80\x01\0\
\xf0\0\0\0\x52\x03\0\0\xbc\x05\0\0\x0d\x14\x01\0\x18\x01\0\0\x52\x03\0\0\xd4\
\x05\0\0\x0e\x08\x01\0\x48\x01\0\0\x52\x03\0\0\xe8\x05\0\0\x0e\x0c\x01\0\x50\
\x01\0\0\x52\x03\0\0\xfc\x05\0\0\x0d\x10\x01\0\x80\x01\0\0\x52\x03\0\0\x2b\x06\
\0\0\x1a\xa4\x01\0\x98\x01\0\0\x52\x03\0\0\x53\x06\0\0\x36\x9c\x01\0\xa0\x01\0\
\0\x52\x03\0\0\x53\x06\0\0\x09\x9c\x01\0\xa8\x01\0\0\x52\x03\0\0\x8e\x06\0\0\
\x1f\xc0\x01\0\xc0\x01\0\0\x52\x03\0\0\xc4\x06\0\0\x16\xa0\x01\0\xf8\x01\0\0\
\x52\x03\0\0\x1f\x0a\0\0\x09\xec\x02\0\0\x02\0\0\x52\x03\0\0\x84\x08\0\0\x22\
\xf4\x02\0\x28\x02\0\0\x52\x03\0\0\xdb\x08\0\0\x09\xf8\x02\0\x30\x02\0\0\x52\
\x03\0\0\x37\x0a\0\0\x0d\x04\x03\0\x40\x02\0\0\x52\x03\0\0\x4a\x0a\0\0\x0e\0\
\x03\0\x48\x02\0\0\x52\x03\0\0\x30\x09\0\0\x13\x08\x03\0\x50\x02\0\0\x52\x03\0\
\0\x30\x09\0\0\x11\x08\x03\0\x58\x02\0\0\x52\x03\0\0\x50\x09\0\0\x13\x0c\x03\0\
\x60\x02\0\0\x52\x03\0\0\x50\x09\0\0\x11\x0c\x03\0\x68\x02\0\0\x52\x03\0\0\x70\
\x09\0\0\x13\x10\x03\0\x70\x02\0\0\x52\x03\0\0\x70\x09\0\0\x11\x10\x03\0\x78\
\x02\0\0\x52\x03\0\0\xb0\x09\0\0\x05\x14\x03\0\x90\x02\0\0\x52\x03\0\0\x37\x08\
\0\0\x01\x1c\x03\0\x63\x15\0\0\x25\0\0\0\0\0\0\0\x52\x03\0\0\x65\x0a\0\0\0\x28\
\x03\0\x10\0\0\0\x52\x03\0\0\x3b\x04\0\0\x0b\x38\x01\0\x20\0\0\0\x52\x03\0\0\0\
\0\0\0\0\0\0\0\x28\0\0\0\x52\x03\0\0\x57\x04\0\0\x09\x48\x01\0\x38\0\0\0\x52\
\x03\0\0\x57\x04\0\0\x09\x48\x01\0\x40\0\0\0\x52\x03\0\0\xa0\x04\0\0\x09\x50\
\x01\0\x70\0\0\0\x52\x03\0\0\xdc\x04\0\0\x18\x60\x01\0\x98\0\0\0\x52\x03\0\0\
\x1c\x05\0\0\x09\x64\x01\0\xa0\0\0\0\x52\x03\0\0\x37\x05\0\0\x09\x6c\x01\0\xc8\
\0\0\0\x52\x03\0\0\x77\x05\0\0\x10\x7c\x01\0\xe0\0\0\0\x52\x03\0\0\xa2\x05\0\0\
\x14\x80\x01\0\xf0\0\0\0\x52\x03\0\0\xbc\x05\0\0\x0d\x14\x01\0\x18\x01\0\0\x52\
\x03\0\0\xd4\x05\0\0\x0e\x08\x01\0\x48\x01\0\0\x52\x03\0\0\xe8\x05\0\0\x0e\x0c\
\x01\0\x50\x01\0\0\x52\x03\0\0\xfc\x05\0\0\x0d\x10\x01\0\x80\x01\0\0\x52\x03\0\
\0\x2b\x06\0\0\x1a\xa4\x01\0\x98\x01\0\0\x52\x03\0\0\x53\x06\0\0\x36\x9c\x01\0\
\xa0\x01\0\0\x52\x03\0\0\x53\x06\0\0\x09\x9c\x01\0\xa8\x01\0\0\x52\x03\0\0\x8e\
\x06\0\0\x1f\xc0\x01\0\xc0\x01\0\0\x52\x03\0\0\xc4\x06\0\0\x16\xa0\x01\0\xf8\
\x01\0\0\x52\x03\0\0\x1f\x0a\0\0\x09\x34\x03\0\0\x02\0\0\x52\x03\0\0\x84\x08\0\
\0\x22\x3c\x03\0\x30\x02\0\0\x52\x03\0\0\xdb\x08\0\0\x09\x40\x03\0\x38\x02\0\0\
\x52\x03\0\0\x37\x0a\0\0\x0d\x4c\x03\0\x48\x02\0\0\x52\x03\0\0\x9f\x0a\0\0\x0e\
\x48\x03\0\x50\x02\0\0\x52\x03\0\0\x50\x09\0\0\x13\x50\x03\0\x58\x02\0\0\x52\
\x03\0\0\x50\x09\0\0\x11\x50\x03\0\x60\x02\0\0\x52\x03\0\0\x70\x09\0\0\x13\x54\
\x03\0\x68\x02\0\0\x52\x03\0\0\x70\x09\0\0\x11\x54\x03\0\x70\x02\0\0\x52\x03\0\
\0\xbc\x0a\0\0\x28\x5c\x03\0\x80\x02\0\0\x52\x03\0\0\xbc\x0a\0\0\x43\x5c\x03\0\
\x88\x02\0\0\x52\x03\0\0\xbc\x0a\0\0\x10\x5c\x03\0\x98\x02\0\0\x52\x03\0\0\x0d\
\x0b\0\0\x09\x60\x03\0\xa0\x02\0\0\x52\x03\0\0\x20\x0b\0\0\x09\x64\x03\0\xc8\
\x02\0\0\x52\x03\0\0\x44\x0b\0\0\x1c\x70\x03\0\xd0\x02\0\0\x52\x03\0\0\xb0\x09\
\0\0\x05\x78\x03\0\xe8\x02\0\0\x52\x03\0\0\x37\x08\0\0\x01\x84\x03\0\x88\x15\0\
\0\x1b\0\0\0\0\0\0\0\x52\x03\0\0\x64\x0b\0\0\0\x90\x03\0\x08\0\0\0\x52\x03\0\0\
\x3b\x04\0\0\x0b\x38\x01\0\x18\0\0\0\x52\x03\0\0\0\0\0\0\0\0\0\0\x20\0\0\0\x52\
\x03\0\0\x57\x04\0\0\x09\x48\x01\0\x30\0\0\0\x52\x03\0\0\x57\x04\0\0\x09\x48\
\x01\0\x38\0\0\0\x52\x03\0\0\xa0\x04\0\0\x09\x50\x01\0\x68\0\0\0\x52\x03\0\0\
\xdc\x04\0\0\x18\x60\x01\0\x90\0\0\0\x52\x03\0\0\x1c\x05\0\0\x09\x64\x01\0\x98\
\0\0\0\x52\x03\0\0\x37\x05\0\0\x09\x6c\x01\0\xc0\0\0\0\x52\x03\0\0\x77\x05\0\0\
\x10\x7c\x01\0\xd8\0\0\0\x52\x03\0\0\xa2\x05\0\0\x14\x80\x01\0\xe8\0\0\0\x52\
\x03\0\0\xbc\x05\0\0\x0d\x14\x01\0\x10\x01\0\0\x52\x03\0\0\xd4\x05\0\0\x0e\x08\
\x01\0\x40\x01\0\0\x52\x03\0\0\xe8\x05\0\0\x0e\x0c\x01\0\x48\x01\0\0\x52\x03\0\
\0\xfc\x05\0\0\x0d\x10\x01\0\x78\x01\0\0\x52\x03\0\0\x2b\x06\0\0\x1a\xa4\x01\0\
\x90\x01\0\0\x52\x03\0\0\x53\x06\0\0\x36\x9c\x01\0\x98\x01\0\0\x52\x03\0\0\x53\
\x06\0\0\x09\x9c\x01\0\xa0\x01\0\0\x52\x03\0\0\x8e\x06\0\0\x1f\xc0\x01\0\xb8\
\x01\0\0\x52\x03\0\0\xc4\x06\0\0\x16\xa0\x01\0\xf0\x01\0\0\x52\x03\0\0\x1f\x0a\
\0\0\x09\x9c\x03\0\xf8\x01\0\0\x52\x03\0\0\x84\x08\0\0\x22\xa4\x03\0\x20\x02\0\
\0\x52\x03\0\0\xdb\x08\0\0\x09\xa8\x03\0\x28\x02\0\0\x52\x03\0\0\x37\x0a\0\0\
\x0d\xb4\x03\0\x38\x02\0\0\x52\x03\0\0\x9c\x0b\0\0\x0e\xb0\x03\0\x40\x02\0\0\
\x52\x03\0\0\xb0\x09\0\0\x05\xb8\x03\0\x58\x02\0\0\x52\x03\0\0\x37\x08\0\0\x01\
\xc4\x03\0\xab\x15\0\0\x23\0\0\0\0\0\0\0\x52\x03\0\0\xb7\x0b\0\0\0\xd0\x03\0\
\x10\0\0\0\x52\x03\0\0\x3b\x04\0\0\x0b\x38\x01\0\x20\0\0\0\x52\x03\0\0\0\0\0\0\
\0\0\0\0\x28\0\0\0\x52\x03\0\0\x57\x04\0\0\x09\x48\x01\0\x38\0\0\0\x52\x03\0\0\
\x57\x04\0\0\x09\x48\x01\0\x40\0\0\0\x52\x03\0\0\xa0\x04\0\0\x09\x50\x01\0\x70\
\0\0\0\x52\x03\0\0\xdc\x04\0\0\x18\x60\x01\0\x98\0\0\0\x52\x03\0\0\x1c\x05\0\0\
\x09\x64\x01\0\xa0\0\0\0\x52\x03\0\0\x37\x05\0\0\x09\x6c\x01\0\xc8\0\0\0\x52\
\x03\0\0\x77\x05\0\0\x10\x7c\x01\0\xe0\0\0\0\x52\x03\0\0\xa2\x05\0\0\x14\x80\
\x01\0\xf0\0\0\0\x52\x03\0\0\xbc\x05\0\0\x0d\x14\x01\0\x18\x01\0\0\x52\x03\0\0\
\xd4\x05\0\0\x0e\x08\x01\0\x48\x01\0\0\x52\x03\0\0\xe8\x05\0\0\x0e\x0c\x01\0\
\x50\x01\0\0\x52\x03\0\0\xfc\x05\0\0\x0d\x10\x01\0\x80\x01\0\0\x52\x03\0\0\x2b\
\x06\0\0\x1a\xa4\x01\0\x98\x01\0\0\x52\x03\0\0\x53\x06\0\0\x36\x9c\x01\0\xa0\
\x01\0\0\x52\x03\0\0\x53\x06\0\0\x09\x9c\x01\0\xa8\x01\0\0\x52\x03\0\0\x8e\x06\
\0\0\x1f\xc0\x01\0\xc0\x01\0\0\x52\x03\0\0\xc4\x06\0\0\x16\xa0\x01\0\xf8\x01\0\
\0\x52\x03\0\0\x1f\x0a\0\0\x09\xdc\x03\0\0\x02\0\0\x52\x03\0\0\x84\x08\0\0\x22\
\xe4\x03\0\x28\x02\0\0\x52\x03\0\0\xdb\x08\0\0\x09\xe8\x03\0\x30\x02\0\0\x52\
\x03\0\0\x37\x0a\0\0\x0d\xf4\x03\0\x40\x02\0\0\x52\x03\0\0\xf0\x0b\0\0\x0e\xf0\
\x03\0\x48\x02\0\0\x52\x03\0\0\x30\x09\0\0\x13\xf8\x03\0\x50\x02\0\0\x52\x03\0\
\0\x30\x09\0\0\x11\xf8\x03\0\x58\x02\0\0\x52\x03\0\0\x50\x09\0\0\x13\xfc\x03\0\
\x60\x02\0\0\x52\x03\0\0\x50\x09\0\0\x11\xfc\x03\0\x68\x02\0\0\x52\x03\0\0\x70\
\x09\0\0\x13\0\x04\0\x70\x02\0\0\x52\x03\0\0\x70\x09\0\0\x11\0\x04\0\x78\x02\0\
\0\x52\x03\0\0\x90\x09\0\0\x13\x04\x04\0\x80\x02\0\0\x52\x03\0\0\x90\x09\0\0\
\x11\x04\x04\0\x88\x02\0\0\x52\x03\0\0\xb0\x09\0\0\x05\x08\x04\0\xa0\x02\0\0\
\x52\x03\0\0\x37\x08\0\0\x01\x14\x04\0\xcf\x15\0\0\x21\0\0\0\0\0\0\0\x52\x03\0\
\0\x0c\x0c\0\0\0\x20\x04\0\x10\0\0\0\x52\x03\0\0\x3b\x04\0\0\x0b\x38\x01\0\x20\
\0\0\0\x52\x03\0\0\0\0\0\0\0\0\0\0\x28\0\0\0\x52\x03\0\0\x57\x04\0\0\x09\x48\
\x01\0\x38\0\0\0\x52\x03\0\0\x57\x04\0\0\x09\x48\x01\0\x40\0\0\0\x52\x03\0\0\
\xa0\x04\0\0\x09\x50\x01\0\x70\0\0\0\x52\x03\0\0\xdc\x04\0\0\x18\x60\x01\0\x98\
\0\0\0\x52\x03\0\0\x1c\x05\0\0\x09\x64\x01\0\xa0\0\0\0\x52\x03\0\0\x37\x05\0\0\
\x09\x6c\x01\0\xc8\0\0\0\x52\x03\0\0\x77\x05\0\0\x10\x7c\x01\0\xe0\0\0\0\x52\
\x03\0\0\xa2\x05\0\0\x14\x80\x01\0\xf0\0\0\0\x52\x03\0\0\xbc\x05\0\0\x0d\x14\
\x01\0\x18\x01\0\0\x52\x03\0\0\xd4\x05\0\0\x0e\x08\x01\0\x48\x01\0\0\x52\x03\0\
\0\xe8\x05\0\0\x0e\x0c\x01\0\x50\x01\0\0\x52\x03\0\0\xfc\x05\0\0\x0d\x10\x01\0\
\x80\x01\0\0\x52\x03\0\0\x2b\x06\0\0\x1a\xa4\x01\0\x98\x01\0\0\x52\x03\0\0\x53\
\x06\0\0\x36\x9c\x01\0\xa0\x01\0\0\x52\x03\0\0\x53\x06\0\0\x09\x9c\x01\0\xa8\
\x01\0\0\x52\x03\0\0\x8e\x06\0\0\x1f\xc0\x01\0\xc0\x01\0\0\x52\x03\0\0\xc4\x06\
\0\0\x16\xa0\x01\0\xf8\x01\0\0\x52\x03\0\0\x1f\x0a\0\0\x09\x2c\x04\0\0\x02\0\0\
\x52\x03\0\0\x84\x08\0\0\x22\x34\x04\0\x28\x02\0\0\x52\x03\0\0\xdb\x08\0\0\x09\
\x38\x04\0\x30\x02\0\0\x52\x03\0\0\x37\x0a\0\0\x0d\x44\x04\0\x40\x02\0\0\x52\
\x03\0\0\x48\x0c\0\0\x0e\x40\x04\0\x48\x02\0\0\x52\x03\0\0\x30\x09\0\0\x13\x48\
\x04\0\x50\x02\0\0\x52\x03\0\0\x30\x09\0\0\x11\x48\x04\0\x58\x02\0\0\x52\x03\0\
\0\x50\x09\0\0\x13\x4c\x04\0\x60\x02\0\0\x52\x03\0\0\x50\x09\0\0\x11\x4c\x04\0\
\x68\x02\0\0\x52\x03\0\0\x70\x09\0\0\x13\x50\x04\0\x70\x02\0\0\x52\x03\0\0\x70\
\x09\0\0\x11\x50\x04\0\x78\x02\0\0\x52\x03\0\0\xb0\x09\0\0\x05\x54\x04\0\x90\
\x02\0\0\x52\x03\0\0\x37\x08\0\0\x01\x60\x04\0\xf6\x15\0\0\x27\0\0\0\0\0\0\0\
\x52\x03\0\0\x67\x0c\0\0\0\x6c\x04\0\x10\0\0\0\x52\x03\0\0\x3b\x04\0\0\x0b\x38\
\x01\0\x20\0\0\0\x52\x03\0\0\0\0\0\0\0\0\0\0\x28\0\0\0\x52\x03\0\0\x57\x04\0\0\
\x09\x48\x01\0\x38\0\0\0\x52\x03\0\0\x57\x04\0\0\x09\x48\x01\0\x40\0\0\0\x52\
\x03\0\0\xa0\x04\0\0\x09\x50\x01\0\x70\0\0\0\x52\x03\0\0\xdc\x04\0\0\x18\x60\
\x01\0\x98\0\0\0\x52\x03\0\0\x1c\x05\0\0\x09\x64\x01\0\xa0\0\0\0\x52\x03\0\0\
\x37\x05\0\0\x09\x6c\x01\0\xc8\0\0\0\x52\x03\0\0\x77\x05\0\0\x10\x7c\x01\0\xe0\
\0\0\0\x52\x03\0\0\xa2\x05\0\0\x14\x80\x01\0\xf0\0\0\0\x52\x03\0\0\xbc\x05\0\0\
\x0d\x14\x01\0\x18\x01\0\0\x52\x03\0\0\xd4\x05\0\0\x0e\x08\x01\0\x48\x01\0\0\
\x52\x03\0\0\xe8\x05\0\0\x0e\x0c\x01\0\x50\x01\0\0\x52\x03\0\0\xfc\x05\0\0\x0d\
\x10\x01\0\x80\x01\0\0\x52\x03\0\0\x2b\x06\0\0\x1a\xa4\x01\0\x98\x01\0\0\x52\
\x03\0\0\x53\x06\0\0\x36\x9c\x01\0\xa0\x01\0\0\x52\x03\0\0\x53\x06\0\0\x09\x9c\
\x01\0\xa8\x01\0\0\x52\x03\0\0\x8e\x06\0\0\x1f\xc0\x01\0\xc0\x01\0\0\x52\x03\0\
\0\xc4\x06\0\0\x16\xa0\x01\0\xf8\x01\0\0\x52\x03\0\0\x1f\x0a\0\0\x09\x78\x04\0\
\0\x02\0\0\x52\x03\0\0\x84\x08\0\0\x22\x80\x04\0\x30\x02\0\0\x52\x03\0\0\xdb\
\x08\0\0\x09\x84\x04\0\x38\x02\0\0\x52\x03\0\0\xa0\x0c\0\0\x43\x8c\x04\0\x40\
\x02\0\0\x52\x03\0\0\xa0\x0c\0\0\x28\x8c\x04\0\x50\x02\0\0\x52\x03\0\0\xa0\x0c\
\0\0\x10\x8c\x04\0\x60\x02\0\0\x52\x03\0\0\x0d\x0b\0\0\x09\x90\x04\0\x68\x02\0\
\0\x52\x03\0\0\x20\x0b\0\0\x09\x94\x04\0\x88\x02\0\0\x52\x03\0\0\x37\x0a\0\0\
\x0d\xac\x04\0\x98\x02\0\0\x52\x03\0\0\xf1\x0c\0\0\x0e\xa8\x04\0\xa8\x02\0\0\
\x52\x03\0\0\x44\x0b\0\0\x1c\xa0\x04\0\xb0\x02\0\0\x52\x03\0\0\x0e\x0d\0\0\x13\
\xb0\x04\0\xb8\x02\0\0\x52\x03\0\0\x0e\x0d\0\0\x11\xb0\x04\0\xc0\x02\0\0\x52\
\x03\0\0\x35\x0d\0\0\x13\xb4\x04\0\xc8\x02\0\0\x52\x03\0\0\x35\x0d\0\0\x11\xb4\
\x04\0\xd0\x02\0\0\x52\x03\0\0\x5e\x0d\0\0\x13\xb8\x04\0\xd8\x02\0\0\x52\x03\0\
\0\x5e\x0d\0\0\x11\xb8\x04\0\xe0\x02\0\0\x52\x03\0\0\xb0\x09\0\0\x05\xc0\x04\0\
\xf8\x02\0\0\x52\x03\0\0\x37\x08\0\0\x01\xcc\x04\0\x1b\x16\0\0\x0c\0\0\0\0\0\0\
\0\x52\x03\0\0\x86\x0d\0\0\0\xd8\x04\0\x08\0\0\0\x52\x03\0\0\xbd\x0d\0\0\x0a\
\xe8\x04\0\x90\0\0\0\x52\x03\0\0\xe8\x0d\0\0\x0c\xf0\x04\0\x98\0\0\0\x52\x03\0\
\0\x01\x0e\0\0\x0d\xec\x04\0\xa0\0\0\0\x52\x03\0\0\x1b\x0e\0\0\x43\xfc\x04\0\
\xb0\0\0\0\x52\x03\0\0\0\0\0\0\0\0\0\0\xb8\0\0\0\x52\x03\0\0\x1b\x0e\0\0\x10\
\xfc\x04\0\xc8\0\0\0\x52\x03\0\0\x0d\x0b\0\0\x09\0\x05\0\xd0\0\0\0\x52\x03\0\0\
\x6c\x0e\0\0\x09\x04\x05\0\0\x01\0\0\x52\x03\0\0\xa7\x0e\0\0\x1c\x18\x05\0\x08\
\x01\0\0\x52\x03\0\0\xc7\x0e\0\0\x05\x1c\x05\0\x48\x01\0\0\x52\x03\0\0\x37\x08\
\0\0\x01\x24\x05\0\x3e\x16\0\0\x27\0\0\0\0\0\0\0\x52\x03\0\0\x1e\x0f\0\0\0\x30\
\x05\0\x10\0\0\0\x52\x03\0\0\x3b\x04\0\0\x0b\x38\x01\0\x20\0\0\0\x52\x03\0\0\0\
\0\0\0\0\0\0\0\x28\0\0\0\x52\x03\0\0\x57\x04\0\0\x09\x48\x01\0\x38\0\0\0\x52\
\x03\0\0\x57\x04\0\0\x09\x48\x01\0\x40\0\0\0\x52\x03\0\0\xa0\x04\0\0\x09\x50\
\x01\0\x70\0\0\0\x52\x03\0\0\xdc\x04\0\0\x18\x60\x01\0\x98\0\0\0\x52\x03\0\0\
\x1c\x05\0\0\x09\x64\x01\0\xa0\0\0\0\x52\x03\0\0\x37\x05\0\0\x09\x6c\x01\0\xc8\
\0\0\0\x52\x03\0\0\x77\x05\0\0\x10\x7c\x01\0\xe0\0\0\0\x52\x03\0\0\xa2\x05\0\0\
\x14\x80\x01\0\xf0\0\0\0\x52\x03\0\0\xbc\x05\0\0\x0d\x14\x01\0\x18\x01\0\0\x52\
\x03\0\0\xd4\x05\0\0\x0e\x08\x01\0\x48\x01\0\0\x52\x03\0\0\xe8\x05\0\0\x0e\x0c\
\x01\0\x50\x01\0\0\x52\x03\0\0\xfc\x05\0\0\x0d\x10\x01\0\x80\x01\0\0\x52\x03\0\
\0\x2b\x06\0\0\x1a\xa4\x01\0\x98\x01\0\0\x52\x03\0\0\x53\x06\0\0\x36\x9c\x01\0\
\xa0\x01\0\0\x52\x03\0\0\x53\x06\0\0\x09\x9c\x01\0\xa8\x01\0\0\x52\x03\0\0\x8e\
\x06\0\0\x1f\xc0\x01\0\xc0\x01\0\0\x52\x03\0\0\xc4\x06\0\0\x16\xa0\x01\0\xf8\
\x01\0\0\x52\x03\0\0\x1f\x0a\0\0\x09\x38\x05\0\0\x02\0\0\x52\x03\0\0\x84\x08\0\
\0\x22\x40\x05\0\x28\x02\0\0\x52\x03\0\0\xdb\x08\0\0\x09\x44\x05\0\x30\x02\0\0\
\x52\x03\0\0\x37\x0a\0\0\x0d\x50\x05\0\x40\x02\0\0\x52\x03\0\0\x57\x0f\0\0\x0e\
\x4c\x05\0\x48\x02\0\0\x52\x03\0\0\x30\x09\0\0\x13\x54\x05\0\x50\x02\0\0\x52\
\x03\0\0\x30\x09\0\0\x11\x54\x05\0\x58\x02\0\0\x52\x03\0\0\x50\x09\0\0\x13\x58\
\x05\0\x60\x02\0\0\x52\x03\0\0\x50\x09\0\0\x11\x58\x05\0\x68\x02\0\0\x52\x03\0\
\0\x70\x09\0\0\x13\x5c\x05\0\x70\x02\0\0\x52\x03\0\0\x70\x09\0\0\x11\x5c\x05\0\
\x78\x02\0\0\x52\x03\0\0\x90\x09\0\0\x13\x60\x05\0\x80\x02\0\0\x52\x03\0\0\x90\
\x09\0\0\x11\x60\x05\0\x88\x02\0\0\x52\x03\0\0\x72\x0f\0\0\x13\x64\x05\0\x90\
\x02\0\0\x52\x03\0\0\x72\x0f\0\0\x11\x64\x05\0\x98\x02\0\0\x52\x03\0\0\x92\x0f\
\0\0\x13\x68\x05\0\xa0\x02\0\0\x52\x03\0\0\x92\x0f\0\0\x11\x68\x05\0\xa8\x02\0\
\0\x52\x03\0\0\xb0\x09\0\0\x05\x70\x05\0\xc0\x02\0\0\x52\x03\0\0\x37\x08\0\0\
\x01\x78\x05\0\x61\x16\0\0\x21\0\0\0\0\0\0\0\x52\x03\0\0\xb2\x0f\0\0\0\x88\x05\
\0\x10\0\0\0\x52\x03\0\0\x3b\x04\0\0\x0b\x38\x01\0\x20\0\0\0\x52\x03\0\0\0\0\0\
\0\0\0\0\0\x28\0\0\0\x52\x03\0\0\x57\x04\0\0\x09\x48\x01\0\x38\0\0\0\x52\x03\0\
\0\x57\x04\0\0\x09\x48\x01\0\x40\0\0\0\x52\x03\0\0\xa0\x04\0\0\x09\x50\x01\0\
\x70\0\0\0\x52\x03\0\0\xdc\x04\0\0\x18\x60\x01\0\x98\0\0\0\x52\x03\0\0\x1c\x05\
\0\0\x09\x64\x01\0\xa0\0\0\0\x52\x03\0\0\x37\x05\0\0\x09\x6c\x01\0\xc8\0\0\0\
\x52\x03\0\0\x77\x05\0\0\x10\x7c\x01\0\xe0\0\0\0\x52\x03\0\0\xa2\x05\0\0\x14\
\x80\x01\0\xf0\0\0\0\x52\x03\0\0\xbc\x05\0\0\x0d\x14\x01\0\x18\x01\0\0\x52\x03\
\0\0\xd4\x05\0\0\x0e\x08\x01\0\x48\x01\0\0\x52\x03\0\0\xe8\x05\0\0\x0e\x0c\x01\
\0\x50\x01\0\0\x52\x03\0\0\xfc\x05\0\0\x0d\x10\x01\0\x80\x01\0\0\x52\x03\0\0\
\x2b\x06\0\0\x1a\xa4\x01\0\x98\x01\0\0\x52\x03\0\0\x53\x06\0\0\x36\x9c\x01\0\
\xa0\x01\0\0\x52\x03\0\0\x53\x06\0\0\x09\x9c\x01\0\xa8\x01\0\0\x52\x03\0\0\x8e\
\x06\0\0\x1f\xc0\x01\0\xc0\x01\0\0\x52\x03\0\0\xc4\x06\0\0\x16\xa0\x01\0\xf8\
\x01\0\0\x52\x03\0\0\x1f\x0a\0\0\x09\x94\x05\0\0\x02\0\0\x52\x03\0\0\x84\x08\0\
\0\x22\x9c\x05\0\x28\x02\0\0\x52\x03\0\0\xdb\x08\0\0\x09\xa0\x05\0\x30\x02\0\0\
\x52\x03\0\0\x37\x0a\0\0\x0d\xac\x05\0\x40\x02\0\0\x52\x03\0\0\xeb\x0f\0\0\x0e\
\xa8\x05\0\x48\x02\0\0\x52\x03\0\0\x30\x09\0\0\x13\xb0\x05\0\x50\x02\0\0\x52\
\x03\0\0\x30\x09\0\0\x11\xb0\x05\0\x58\x02\0\0\x52\x03\0\0\x50\x09\0\0\x13\xb4\
\x05\0\x60\x02\0\0\x52\x03\0\0\x50\x09\0\0\x11\xb4\x05\0\x68\x02\0\0\x52\x03\0\
\0\x70\x09\0\0\x13\xb8\x05\0\x70\x02\0\0\x52\x03\0\0\x70\x09\0\0\x11\xb8\x05\0\
\x78\x02\0\0\x52\x03\0\0\xb0\x09\0\0\x05\xbc\x05\0\x90\x02\0\0\x52\x03\0\0\x37\
\x08\0\0\x01\xc8\x05\0\x85\x16\0\0\x25\0\0\0\0\0\0\0\x52\x03\0\0\x07\x10\0\0\0\
\xd4\x05\0\x10\0\0\0\x52\x03\0\0\x3b\x04\0\0\x0b\x38\x01\0\x20\0\0\0\x52\x03\0\
\0\0\0\0\0\0\0\0\0\x28\0\0\0\x52\x03\0\0\x57\x04\0\0\x09\x48\x01\0\x38\0\0\0\
\x52\x03\0\0\x57\x04\0\0\x09\x48\x01\0\x40\0\0\0\x52\x03\0\0\xa0\x04\0\0\x09\
\x50\x01\0\x70\0\0\0\x52\x03\0\0\xdc\x04\0\0\x18\x60\x01\0\x98\0\0\0\x52\x03\0\
\0\x1c\x05\0\0\x09\x64\x01\0\xa0\0\0\0\x52\x03\0\0\x37\x05\0\0\x09\x6c\x01\0\
\xc8\0\0\0\x52\x03\0\0\x77\x05\0\0\x10\x7c\x01\0\xe0\0\0\0\x52\x03\0\0\xa2\x05\
\0\0\x14\x80\x01\0\xf0\0\0\0\x52\x03\0\0\xbc\x05\0\0\x0d\x14\x01\0\x18\x01\0\0\
\x52\x03\0\0\xd4\x05\0\0\x0e\x08\x01\0\x48\x01\0\0\x52\x03\0\0\xe8\x05\0\0\x0e\
\x0c\x01\0\x50\x01\0\0\x52\x03\0\0\xfc\x05\0\0\x0d\x10\x01\0\x80\x01\0\0\x52\
\x03\0\0\x2b\x06\0\0\x1a\xa4\x01\0\x98\x01\0\0\x52\x03\0\0\x53\x06\0\0\x36\x9c\
\x01\0\xa0\x01\0\0\x52\x03\0\0\x53\x06\0\0\x09\x9c\x01\0\xa8\x01\0\0\x52\x03\0\
\0\x8e\x06\0\0\x1f\xc0\x01\0\xc0\x01\0\0\x52\x03\0\0\xc4\x06\0\0\x16\xa0\x01\0\
\xf8\x01\0\0\x52\x03\0\0\x1f\x0a\0\0\x09\xe0\x05\0\0\x02\0\0\x52\x03\0\0\x84\
\x08\0\0\x22\xe8\x05\0\x30\x02\0\0\x52\x03\0\0\xdb\x08\0\0\x09\xec\x05\0\x38\
\x02\0\0\x52\x03\0\0\xbc\x0a\0\0\x43\xf4\x05\0\x40\x02\0\0\x52\x03\0\0\xbc\x0a\
\0\0\x28\xf4\x05\0\x50\x02\0\0\x52\x03\0\0\xbc\x0a\0\0\x10\xf4\x05\0\x60\x02\0\
\0\x52\x03\0\0\x0d\x0b\0\0\x09\xf8\x05\0\x68\x02\0\0\x52\x03\0\0\x20\x0b\0\0\
\x09\xfc\x05\0\x88\x02\0\0\x52\x03\0\0\x37\x0a\0\0\x0d\x14\x06\0\x98\x02\0\0\
\x52\x03\0\0\x40\x10\0\0\x0e\x10\x06\0\xa8\x02\0\0\x52\x03\0\0\x44\x0b\0\0\x1c\
\x08\x06\0\xb0\x02\0\0\x52\x03\0\0\x5c\x10\0\0\x13\x18\x06\0\xb8\x02\0\0\x52\
\x03\0\0\x5c\x10\0\0\x11\x18\x06\0\xc0\x02\0\0\x52\x03\0\0\x83\x10\0\0\x13\x1c\
\x06\0\xc8\x02\0\0\x52\x03\0\0\x83\x10\0\0\x11\x1c\x06\0\xd0\x02\0\0\x52\x03\0\
\0\xb0\x09\0\0\x05\x20\x06\0\xe8\x02\0\0\x52\x03\0\0\x37\x08\0\0\x01\x2c\x06\0\
\xa9\x16\0\0\x2b\0\0\0\0\0\0\0\x52\x03\0\0\xaa\x10\0\0\0\x38\x06\0\x10\0\0\0\
\x52\x03\0\0\x3b\x04\0\0\x0b\x38\x01\0\x20\0\0\0\x52\x03\0\0\0\0\0\0\0\0\0\0\
\x28\0\0\0\x52\x03\0\0\x57\x04\0\0\x09\x48\x01\0\x38\0\0\0\x52\x03\0\0\x57\x04\
\0\0\x09\x48\x01\0\x40\0\0\0\x52\x03\0\0\xa0\x04\0\0\x09\x50\x01\0\x70\0\0\0\
\x52\x03\0\0\xdc\x04\0\0\x18\x60\x01\0\x98\0\0\0\x52\x03\0\0\x1c\x05\0\0\x09\
\x64\x01\0\xa0\0\0\0\x52\x03\0\0\x37\x05\0\0\x09\x6c\x01\0\xc8\0\0\0\x52\x03\0\
\0\x77\x05\0\0\x10\x7c\x01\0\xe0\0\0\0\x52\x03\0\0\xa2\x05\0\0\x14\x80\x01\0\
\xf0\0\0\0\x52\x03\0\0\xbc\x05\0\0\x0d\x14\x01\0\x18\x01\0\0\x52\x03\0\0\xd4\
\x05\0\0\x0e\x08\x01\0\x48\x01\0\0\x52\x03\0\0\xe8\x05\0\0\x0e\x0c\x01\0\x50\
\x01\0\0\x52\x03\0\0\xfc\x05\0\0\x0d\x10\x01\0\x80\x01\0\0\x52\x03\0\0\x2b\x06\
\0\0\x1a\xa4\x01\0\x98\x01\0\0\x52\x03\0\0\x53\x06\0\0\x36\x9c\x01\0\xa0\x01\0\
\0\x52\x03\0\0\x53\x06\0\0\x09\x9c\x01\0\xa8\x01\0\0\x52\x03\0\0\x8e\x06\0\0\
\x1f\xc0\x01\0\xc0\x01\0\0\x52\x03\0\0\xc4\x06\0\0\x16\xa0\x01\0\xf8\x01\0\0\
\x52\x03\0\0\x1f\x0a\0\0\x09\x44\x06\0\x08\x02\0\0\x52\x03\0\0\x84\x08\0\0\x22\
\x4c\x06\0\x30\x02\0\0\x52\x03\0\0\xdb\x08\0\0\x09\x50\x06\0\x38\x02\0\0\x52\
\x03\0\0\xe3\x10\0\0\x38\x58\x06\0\x40\x02\0\0\x52\x03\0\0\xe3\x10\0\0\x1d\x58\
\x06\0\x50\x02\0\0\x52\x03\0\0\xe3\x10\0\0\x05\x58\x06\0\x68\x02\0\0\x52\x03\0\
\0\x29\x11\0\0\x38\x5c\x06\0\x70\x02\0\0\x52\x03\0\0\x29\x11\0\0\x1d\x5c\x06\0\
\x80\x02\0\0\x52\x03\0\0\x29\x11\0\0\x05\x5c\x06\0\x90\x02\0\0\x52\x03\0\0\x6f\
\x11\0\0\x38\x60\x06\0\x98\x02\0\0\x52\x03\0\0\x6f\x11\0\0\x1d\x60\x06\0\xa8\
\x02\0\0\x52\x03\0\0\x6f\x11\0\0\x05\x60\x06\0\xb8\x02\0\0\x52\x03\0\0\x37\x0a\
\0\0\x0d\x74\x06\0\xc8\x02\0\0\x52\x03\0\0\xb5\x11\0\0\x0e\x70\x06\0\xd0\x02\0\
\0\x52\x03\0\0\xd1\x11\0\0\x4e\x68\x06\0\xd8\x02\0\0\x52\x03\0\0\xd1\x11\0\0\
\x35\x68\x06\0\xe0\x02\0\0\x52\x03\0\0\xd1\x11\0\0\x1c\x68\x06\0\xe8\x02\0\0\
\x52\x03\0\0\x23\x12\0\0\x13\x78\x06\0\xf0\x02\0\0\x52\x03\0\0\x23\x12\0\0\x11\
\x78\x06\0\xf8\x02\0\0\x52\x03\0\0\x4c\x12\0\0\x13\x7c\x06\0\0\x03\0\0\x52\x03\
\0\0\x4c\x12\0\0\x11\x7c\x06\0\x08\x03\0\0\x52\x03\0\0\xb0\x09\0\0\x05\x84\x06\
\0\x20\x03\0\0\x52\x03\0\0\x37\x08\0\0\x01\x90\x06\0\xcd\x16\0\0\x23\0\0\0\0\0\
\0\0\x52\x03\0\0\x74\x12\0\0\0\x9c\x06\0\x10\0\0\0\x52\x03\0\0\x3b\x04\0\0\x0b\
\x38\x01\0\x20\0\0\0\x52\x03\0\0\0\0\0\0\0\0\0\0\x28\0\0\0\x52\x03\0\0\x57\x04\
\0\0\x09\x48\x01\0\x38\0\0\0\x52\x03\0\0\x57\x04\0\0\x09\x48\x01\0\x40\0\0\0\
\x52\x03\0\0\xa0\x04\0\0\x09\x50\x01\0\x70\0\0\0\x52\x03\0\0\xdc\x04\0\0\x18\
\x60\x01\0\x98\0\0\0\x52\x03\0\0\x1c\x05\0\0\x09\x64\x01\0\xa0\0\0\0\x52\x03\0\
\0\x37\x05\0\0\x09\x6c\x01\0\xc8\0\0\0\x52\x03\0\0\x77\x05\0\0\x10\x7c\x01\0\
\xe0\0\0\0\x52\x03\0\0\xa2\x05\0\0\x14\x80\x01\0\xf0\0\0\0\x52\x03\0\0\xbc\x05\
\0\0\x0d\x14\x01\0\x18\x01\0\0\x52\x03\0\0\xd4\x05\0\0\x0e\x08\x01\0\x48\x01\0\
\0\x52\x03\0\0\xe8\x05\0\0\x0e\x0c\x01\0\x50\x01\0\0\x52\x03\0\0\xfc\x05\0\0\
\x0d\x10\x01\0\x80\x01\0\0\x52\x03\0\0\x2b\x06\0\0\x1a\xa4\x01\0\x98\x01\0\0\
\x52\x03\0\0\x53\x06\0\0\x36\x9c\x01\0\xa0\x01\0\0\x52\x03\0\0\x53\x06\0\0\x09\
\x9c\x01\0\xa8\x01\0\0\x52\x03\0\0\x8e\x06\0\0\x1f\xc0\x01\0\xc0\x01\0\0\x52\
\x03\0\0\xc4\x06\0\0\x16\xa0\x01\0\xf8\x01\0\0\x52\x03\0\0\x1f\x0a\0\0\x09\xa8\
\x06\0\0\x02\0\0\x52\x03\0\0\x84\x08\0\0\x22\xb0\x06\0\x30\x02\0\0\x52\x03\0\0\
\xdb\x08\0\0\x09\xb4\x06\0\x38\x02\0\0\x52\x03\0\0\xbc\x0a\0\0\x43\xbc\x06\0\
\x40\x02\0\0\x52\x03\0\0\xbc\x0a\0\0\x28\xbc\x06\0\x50\x02\0\0\x52\x03\0\0\xbc\
\x0a\0\0\x10\xbc\x06\0\x60\x02\0\0\x52\x03\0\0\x0d\x0b\0\0\x09\xc0\x06\0\x68\
\x02\0\0\x52\x03\0\0\x20\x0b\0\0\x09\xc4\x06\0\x88\x02\0\0\x52\x03\0\0\x37\x0a\
\0\0\x0d\xdc\x06\0\x98\x02\0\0\x52\x03\0\0\xad\x12\0\0\x0e\xd8\x06\0\xa8\x02\0\
\0\x52\x03\0\0\x44\x0b\0\0\x1c\xd0\x06\0\xb0\x02\0\0\x52\x03\0\0\x50\x09\0\0\
\x13\xe0\x06\0\xb8\x02\0\0\x52\x03\0\0\x50\x09\0\0\x11\xe0\x06\0\xc0\x02\0\0\
\x52\x03\0\0\xb0\x09\0\0\x05\xe8\x06\0\xd8\x02\0\0\x52\x03\0\0\x37\x08\0\0\x01\
\xf4\x06\0\xf2\x16\0\0\x21\0\0\0\0\0\0\0\x52\x03\0\0\xca\x12\0\0\0\x04\x07\0\
\x10\0\0\0\x52\x03\0\0\x3b\x04\0\0\x0b\x38\x01\0\x20\0\0\0\x52\x03\0\0\0\0\0\0\
\0\0\0\0\x28\0\0\0\x52\x03\0\0\x57\x04\0\0\x09\x48\x01\0\x38\0\0\0\x52\x03\0\0\
\x57\x04\0\0\x09\x48\x01\0\x40\0\0\0\x52\x03\0\0\xa0\x04\0\0\x09\x50\x01\0\x70\
\0\0\0\x52\x03\0\0\xdc\x04\0\0\x18\x60\x01\0\x98\0\0\0\x52\x03\0\0\x1c\x05\0\0\
\x09\x64\x01\0\xa0\0\0\0\x52\x03\0\0\x37\x05\0\0\x09\x6c\x01\0\xc8\0\0\0\x52\
\x03\0\0\x77\x05\0\0\x10\x7c\x01\0\xe0\0\0\0\x52\x03\0\0\xa2\x05\0\0\x14\x80\
\x01\0\xf0\0\0\0\x52\x03\0\0\xbc\x05\0\0\x0d\x14\x01\0\x18\x01\0\0\x52\x03\0\0\
\xd4\x05\0\0\x0e\x08\x01\0\x48\x01\0\0\x52\x03\0\0\xe8\x05\0\0\x0e\x0c\x01\0\
\x50\x01\0\0\x52\x03\0\0\xfc\x05\0\0\x0d\x10\x01\0\x80\x01\0\0\x52\x03\0\0\x2b\
\x06\0\0\x1a\xa4\x01\0\x98\x01\0\0\x52\x03\0\0\x53\x06\0\0\x36\x9c\x01\0\xa0\
\x01\0\0\x52\x03\0\0\x53\x06\0\0\x09\x9c\x01\0\xa8\x01\0\0\x52\x03\0\0\x8e\x06\
\0\0\x1f\xc0\x01\0\xc0\x01\0\0\x52\x03\0\0\xc4\x06\0\0\x16\xa0\x01\0\xf8\x01\0\
\0\x52\x03\0\0\x1f\x0a\0\0\x09\x10\x07\0\0\x02\0\0\x52\x03\0\0\x84\x08\0\0\x22\
\x3c\x07\0\x28\x02\0\0\x52\x03\0\0\xdb\x08\0\0\x09\x40\x07\0\x30\x02\0\0\x52\
\x03\0\0\x37\x0a\0\0\x0d\x4c\x07\0\x40\x02\0\0\x52\x03\0\0\x0a\x13\0\0\x0e\x48\
\x07\0\x48\x02\0\0\x52\x03\0\0\x30\x09\0\0\x13\x50\x07\0\x50\x02\0\0\x52\x03\0\
\0\x30\x09\0\0\x11\x50\x07\0\x58\x02\0\0\x52\x03\0\0\x50\x09\0\0\x13\x54\x07\0\
\x60\x02\0\0\x52\x03\0\0\x50\x09\0\0\x11\x54\x07\0\x68\x02\0\0\x52\x03\0\0\x70\
\x09\0\0\x13\x58\x07\0\x70\x02\0\0\x52\x03\0\0\x70\x09\0\0\x11\x58\x07\0\x78\
\x02\0\0\x52\x03\0\0\xb0\x09\0\0\x05\x5c\x07\0\x90\x02\0\0\x52\x03\0\0\x37\x08\
\0\0\x01\x68\x07\0\x16\x17\0\0\x1d\0\0\0\0\0\0\0\x52\x03\0\0\x26\x13\0\0\0\x78\
\x07\0\x10\0\0\0\x52\x03\0\0\x3b\x04\0\0\x0b\x38\x01\0\x20\0\0\0\x52\x03\0\0\0\
\0\0\0\0\0\0\0\x28\0\0\0\x52\x03\0\0\x57\x04\0\0\x09\x48\x01\0\x38\0\0\0\x52\
\x03\0\0\x57\x04\0\0\x09\x48\x01\0\x40\0\0\0\x52\x03\0\0\xa0\x04\0\0\x09\x50\
\x01\0\x70\0\0\0\x52\x03\0\0\xdc\x04\0\0\x18\x60\x01\0\x98\0\0\0\x52\x03\0\0\
\x1c\x05\0\0\x09\x64\x01\0\xa0\0\0\0\x52\x03\0\0\x37\x05\0\0\x09\x6c\x01\0\xc8\
\0\0\0\x52\x03\0\0\x77\x05\0\0\x10\x7c\x01\0\xe0\0\0\0\x52\x03\0\0\xa2\x05\0\0\
\x14\x80\x01\0\xf0\0\0\0\x52\x03\0\0\xbc\x05\0\0\x0d\x14\x01\0\x18\x01\0\0\x52\
\x03\0\0\xd4\x05\0\0\x0e\x08\x01\0\x48\x01\0\0\x52\x03\0\0\xe8\x05\0\0\x0e\x0c\
\x01\0\x50\x01\0\0\x52\x03\0\0\xfc\x05\0\0\x0d\x10\x01\0\x80\x01\0\0\x52\x03\0\
\0\x2b\x06\0\0\x1a\xa4\x01\0\x98\x01\0\0\x52\x03\0\0\x53\x06\0\0\x36\x9c\x01\0\
\xa0\x01\0\0\x52\x03\0\0\x53\x06\0\0\x09\x9c\x01\0\xa8\x01\0\0\x52\x03\0\0\x8e\
\x06\0\0\x1f\xc0\x01\0\xc0\x01\0\0\x52\x03\0\0\xc4\x06\0\0\x16\xa0\x01\0\xf8\
\x01\0\0\x52\x03\0\0\x1f\x0a\0\0\x09\x84\x07\0\0\x02\0\0\x52\x03\0\0\x84\x08\0\
\0\x22\x8c\x07\0\x28\x02\0\0\x52\x03\0\0\xdb\x08\0\0\x09\x90\x07\0\x30\x02\0\0\
\x52\x03\0\0\x37\x0a\0\0\x0d\x9c\x07\0\x40\x02\0\0\x52\x03\0\0\x60\x13\0\0\x0e\
\x98\x07\0\x48\x02\0\0\x52\x03\0\0\x30\x09\0\0\x13\xa0\x07\0\x50\x02\0\0\x52\
\x03\0\0\x30\x09\0\0\x11\xa0\x07\0\x58\x02\0\0\x52\x03\0\0\xb0\x09\0\0\x05\xa4\
\x07\0\x70\x02\0\0\x52\x03\0\0\x37\x08\0\0\x01\xb0\x07\0\x3b\x17\0\0\x1d\0\0\0\
\0\0\0\0\x52\x03\0\0\x7d\x13\0\0\0\xbc\x07\0\x10\0\0\0\x52\x03\0\0\x3b\x04\0\0\
\x0b\x38\x01\0\x20\0\0\0\x52\x03\0\0\0\0\0\0\0\0\0\0\x28\0\0\0\x52\x03\0\0\x57\
\x04\0\0\x09\x48\x01\0\x38\0\0\0\x52\x03\0\0\x57\x04\0\0\x09\x48\x01\0\x40\0\0\
\0\x52\x03\0\0\xa0\x04\0\0\x09\x50\x01\0\x70\0\0\0\x52\x03\0\0\xdc\x04\0\0\x18\
\x60\x01\0\x98\0\0\0\x52\x03\0\0\x1c\x05\0\0\x09\x64\x01\0\xa0\0\0\0\x52\x03\0\
\0\x37\x05\0\0\x09\x6c\x01\0\xc8\0\0\0\x52\x03\0\0\x77\x05\0\0\x10\x7c\x01\0\
\xe0\0\0\0\x52\x03\0\0\xa2\x05\0\0\x14\x80\x01\0\xf0\0\0\0\x52\x03\0\0\xbc\x05\
\0\0\x0d\x14\x01\0\x18\x01\0\0\x52\x03\0\0\xd4\x05\0\0\x0e\x08\x01\0\x48\x01\0\
\0\x52\x03\0\0\xe8\x05\0\0\x0e\x0c\x01\0\x50\x01\0\0\x52\x03\0\0\xfc\x05\0\0\
\x0d\x10\x01\0\x80\x01\0\0\x52\x03\0\0\x2b\x06\0\0\x1a\xa4\x01\0\x98\x01\0\0\
\x52\x03\0\0\x53\x06\0\0\x36\x9c\x01\0\xa0\x01\0\0\x52\x03\0\0\x53\x06\0\0\x09\
\x9c\x01\0\xa8\x01\0\0\x52\x03\0\0\x8e\x06\0\0\x1f\xc0\x01\0\xc0\x01\0\0\x52\
\x03\0\0\xc4\x06\0\0\x16\xa0\x01\0\xf8\x01\0\0\x52\x03\0\0\x1f\x0a\0\0\x09\xc8\
\x07\0\0\x02\0\0\x52\x03\0\0\x84\x08\0\0\x22\xd0\x07\0\x28\x02\0\0\x52\x03\0\0\
\xdb\x08\0\0\x09\xd4\x07\0\x30\x02\0\0\x52\x03\0\0\x37\x0a\0\0\x0d\xe0\x07\0\
\x40\x02\0\0\x52\x03\0\0\xb7\x13\0\0\x0e\xdc\x07\0\x48\x02\0\0\x52\x03\0\0\x30\
\x09\0\0\x13\xe4\x07\0\x50\x02\0\0\x52\x03\0\0\x30\x09\0\0\x11\xe4\x07\0\x58\
\x02\0\0\x52\x03\0\0\xb0\x09\0\0\x05\xe8\x07\0\x70\x02\0\0\x52\x03\0\0\x37\x08\
\0\0\x01\xf4\x07\0\x60\x17\0\0\x1f\0\0\0\0\0\0\0\x52\x03\0\0\xd4\x13\0\0\0\0\
\x08\0\x10\0\0\0\x52\x03\0\0\x3b\x04\0\0\x0b\x38\x01\0\x20\0\0\0\x52\x03\0\0\0\
\0\0\0\0\0\0\0\x28\0\0\0\x52\x03\0\0\x57\x04\0\0\x09\x48\x01\0\x38\0\0\0\x52\
\x03\0\0\x57\x04\0\0\x09\x48\x01\0\x40\0\0\0\x52\x03\0\0\xa0\x04\0\0\x09\x50\
\x01\0\x70\0\0\0\x52\x03\0\0\xdc\x04\0\0\x18\x60\x01\0\x98\0\0\0\x52\x03\0\0\
\x1c\x05\0\0\x09\x64\x01\0\xa0\0\0\0\x52\x03\0\0\x37\x05\0\0\x09\x6c\x01\0\xc8\
\0\0\0\x52\x03\0\0\x77\x05\0\0\x10\x7c\x01\0\xe0\0\0\0\x52\x03\0\0\xa2\x05\0\0\
\x14\x80\x01\0\xf0\0\0\0\x52\x03\0\0\xbc\x05\0\0\x0d\x14\x01\0\x18\x01\0\0\x52\
\x03\0\0\xd4\x05\0\0\x0e\x08\x01\0\x48\x01\0\0\x52\x03\0\0\xe8\x05\0\0\x0e\x0c\
\x01\0\x50\x01\0\0\x52\x03\0\0\xfc\x05\0\0\x0d\x10\x01\0\x80\x01\0\0\x52\x03\0\
\0\x2b\x06\0\0\x1a\xa4\x01\0\x98\x01\0\0\x52\x03\0\0\x53\x06\0\0\x36\x9c\x01\0\
\xa0\x01\0\0\x52\x03\0\0\x53\x06\0\0\x09\x9c\x01\0\xa8\x01\0\0\x52\x03\0\0\x8e\
\x06\0\0\x1f\xc0\x01\0\xc0\x01\0\0\x52\x03\0\0\xc4\x06\0\0\x16\xa0\x01\0\xf8\
\x01\0\0\x52\x03\0\0\x1f\x0a\0\0\x09\x0c\x08\0\0\x02\0\0\x52\x03\0\0\x84\x08\0\
\0\x22\x14\x08\0\x28\x02\0\0\x52\x03\0\0\xdb\x08\0\0\x09\x18\x08\0\x30\x02\0\0\
\x52\x03\0\0\x37\x0a\0\0\x0d\x24\x08\0\x40\x02\0\0\x52\x03\0\0\x0e\x14\0\0\x0e\
\x20\x08\0\x48\x02\0\0\x52\x03\0\0\x30\x09\0\0\x13\x28\x08\0\x50\x02\0\0\x52\
\x03\0\0\x30\x09\0\0\x11\x28\x08\0\x58\x02\0\0\x52\x03\0\0\x50\x09\0\0\x13\x2c\
\x08\0\x60\x02\0\0\x52\x03\0\0\x50\x09\0\0\x11\x2c\x08\0\x68\x02\0\0\x52\x03\0\
\0\xb0\x09\0\0\x05\x30\x08\0\x80\x02\0\0\x52\x03\0\0\x37\x08\0\0\x01\x3c\x08\0\
\x85\x17\0\0\x25\0\0\0\0\0\0\0\x52\x03\0\0\x2b\x14\0\0\0\x48\x08\0\x10\0\0\0\
\x52\x03\0\0\x3b\x04\0\0\x0b\x38\x01\0\x20\0\0\0\x52\x03\0\0\0\0\0\0\0\0\0\0\
\x28\0\0\0\x52\x03\0\0\x57\x04\0\0\x09\x48\x01\0\x38\0\0\0\x52\x03\0\0\x57\x04\
\0\0\x09\x48\x01\0\x40\0\0\0\x52\x03\0\0\xa0\x04\0\0\x09\x50\x01\0\x70\0\0\0\
\x52\x03\0\0\xdc\x04\0\0\x18\x60\x01\0\x98\0\0\0\x52\x03\0\0\x1c\x05\0\0\x09\
\x64\x01\0\xa0\0\0\0\x52\x03\0\0\x37\x05\0\0\x09\x6c\x01\0\xc8\0\0\0\x52\x03\0\
\0\x77\x05\0\0\x10\x7c\x01\0\xe0\0\0\0\x52\x03\0\0\xa2\x05\0\0\x14\x80\x01\0\
\xf0\0\0\0\x52\x03\0\0\xbc\x05\0\0\x0d\x14\x01\0\x18\x01\0\0\x52\x03\0\0\xd4\
\x05\0\0\x0e\x08\x01\0\x48\x01\0\0\x52\x03\0\0\xe8\x05\0\0\x0e\x0c\x01\0\x50\
\x01\0\0\x52\x03\0\0\xfc\x05\0\0\x0d\x10\x01\0\x80\x01\0\0\x52\x03\0\0\x2b\x06\
\0\0\x1a\xa4\x01\0\x98\x01\0\0\x52\x03\0\0\x53\x06\0\0\x36\x9c\x01\0\xa0\x01\0\
\0\x52\x03\0\0\x53\x06\0\0\x09\x9c\x01\0\xa8\x01\0\0\x52\x03\0\0\x8e\x06\0\0\
\x1f\xc0\x01\0\xc0\x01\0\0\x52\x03\0\0\xc4\x06\0\0\x16\xa0\x01\0\xf8\x01\0\0\
\x52\x03\0\0\x1f\x0a\0\0\x09\x54\x08\0\0\x02\0\0\x52\x03\0\0\x84\x08\0\0\x22\
\x5c\x08\0\x28\x02\0\0\x52\x03\0\0\xdb\x08\0\0\x09\x60\x08\0\x30\x02\0\0\x52\
\x03\0\0\x37\x0a\0\0\x0d\x6c\x08\0\x40\x02\0\0\x52\x03\0\0\x64\x14\0\0\x0e\x68\
\x08\0\x48\x02\0\0\x52\x03\0\0\x30\x09\0\0\x13\x70\x08\0\x50\x02\0\0\x52\x03\0\
\0\x30\x09\0\0\x11\x70\x08\0\x58\x02\0\0\x52\x03\0\0\x50\x09\0\0\x13\x74\x08\0\
\x60\x02\0\0\x52\x03\0\0\x50\x09\0\0\x11\x74\x08\0\x68\x02\0\0\x52\x03\0\0\x70\
\x09\0\0\x13\x78\x08\0\x70\x02\0\0\x52\x03\0\0\x70\x09\0\0\x11\x78\x08\0\x78\
\x02\0\0\x52\x03\0\0\x90\x09\0\0\x13\x7c\x08\0\x80\x02\0\0\x52\x03\0\0\x90\x09\
\0\0\x11\x7c\x08\0\x88\x02\0\0\x52\x03\0\0\x72\x0f\0\0\x13\x80\x08\0\x90\x02\0\
\0\x52\x03\0\0\x72\x0f\0\0\x11\x80\x08\0\x98\x02\0\0\x52\x03\0\0\xb0\x09\0\0\
\x05\x84\x08\0\xb0\x02\0\0\x52\x03\0\0\x37\x08\0\0\x01\x90\x08\0\xa9\x17\0\0\
\x25\0\0\0\0\0\0\0\x52\x03\0\0\x80\x14\0\0\0\x9c\x08\0\x10\0\0\0\x52\x03\0\0\
\x3b\x04\0\0\x0b\x38\x01\0\x20\0\0\0\x52\x03\0\0\0\0\0\0\0\0\0\0\x28\0\0\0\x52\
\x03\0\0\x57\x04\0\0\x09\x48\x01\0\x38\0\0\0\x52\x03\0\0\x57\x04\0\0\x09\x48\
\x01\0\x40\0\0\0\x52\x03\0\0\xa0\x04\0\0\x09\x50\x01\0\x70\0\0\0\x52\x03\0\0\
\xdc\x04\0\0\x18\x60\x01\0\x98\0\0\0\x52\x03\0\0\x1c\x05\0\0\x09\x64\x01\0\xa0\
\0\0\0\x52\x03\0\0\x37\x05\0\0\x09\x6c\x01\0\xc8\0\0\0\x52\x03\0\0\x77\x05\0\0\
\x10\x7c\x01\0\xe0\0\0\0\x52\x03\0\0\xa2\x05\0\0\x14\x80\x01\0\xf0\0\0\0\x52\
\x03\0\0\xbc\x05\0\0\x0d\x14\x01\0\x18\x01\0\0\x52\x03\0\0\xd4\x05\0\0\x0e\x08\
\x01\0\x48\x01\0\0\x52\x03\0\0\xe8\x05\0\0\x0e\x0c\x01\0\x50\x01\0\0\x52\x03\0\
\0\xfc\x05\0\0\x0d\x10\x01\0\x80\x01\0\0\x52\x03\0\0\x2b\x06\0\0\x1a\xa4\x01\0\
\x98\x01\0\0\x52\x03\0\0\x53\x06\0\0\x36\x9c\x01\0\xa0\x01\0\0\x52\x03\0\0\x53\
\x06\0\0\x09\x9c\x01\0\xa8\x01\0\0\x52\x03\0\0\x8e\x06\0\0\x1f\xc0\x01\0\xc0\
\x01\0\0\x52\x03\0\0\xc4\x06\0\0\x16\xa0\x01\0\xf8\x01\0\0\x52\x03\0\0\x1f\x0a\
\0\0\x09\xa8\x08\0\0\x02\0\0\x52\x03\0\0\x84\x08\0\0\x22\xb0\x08\0\x28\x02\0\0\
\x52\x03\0\0\xdb\x08\0\0\x09\xb4\x08\0\x30\x02\0\0\x52\x03\0\0\x37\x0a\0\0\x0d\
\xc0\x08\0\x40\x02\0\0\x52\x03\0\0\xb9\x14\0\0\x0e\xbc\x08\0\x48\x02\0\0\x52\
\x03\0\0\x30\x09\0\0\x13\xc4\x08\0\x50\x02\0\0\x52\x03\0\0\x30\x09\0\0\x11\xc4\
\x08\0\x58\x02\0\0\x52\x03\0\0\x50\x09\0\0\x13\xc8\x08\0\x60\x02\0\0\x52\x03\0\
\0\x50\x09\0\0\x11\xc8\x08\0\x68\x02\0\0\x52\x03\0\0\x70\x09\0\0\x13\xcc\x08\0\
\x70\x02\0\0\x52\x03\0\0\x70\x09\0\0\x11\xcc\x08\0\x78\x02\0\0\x52\x03\0\0\x90\
\x09\0\0\x13\xd0\x08\0\x80\x02\0\0\x52\x03\0\0\x90\x09\0\0\x11\xd0\x08\0\x88\
\x02\0\0\x52\x03\0\0\x72\x0f\0\0\x13\xd4\x08\0\x90\x02\0\0\x52\x03\0\0\x72\x0f\
\0\0\x11\xd4\x08\0\x98\x02\0\0\x52\x03\0\0\xb0\x09\0\0\x05\xd8\x08\0\xb0\x02\0\
\0\x52\x03\0\0\x37\x08\0\0\x01\xe4\x08\0\x10\0\0\0\x1b\x15\0\0\x05\0\0\0\x48\0\
\0\0\x2f\0\0\0\xd6\x14\0\0\0\0\0\0\x58\0\0\0\x2f\0\0\0\xdc\x14\0\0\0\0\0\0\x68\
\0\0\0\x2f\0\0\0\xd6\x14\0\0\0\0\0\0\x78\0\0\0\x2f\0\0\0\xe2\x14\0\0\0\0\0\0\
\x88\0\0\0\x2f\0\0\0\xe8\x14\0\0\0\0\0\0\x40\x15\0\0\x03\0\0\0\x48\x02\0\0\x2f\
\0\0\0\xdc\x14\0\0\0\0\0\0\x58\x02\0\0\x2f\0\0\0\xd6\x14\0\0\0\0\0\0\x68\x02\0\
\0\x2f\0\0\0\xe2\x14\0\0\0\0\0\0\x63\x15\0\0\x03\0\0\0\x50\x02\0\0\x2f\0\0\0\
\xd6\x14\0\0\0\0\0\0\x60\x02\0\0\x2f\0\0\0\xe2\x14\0\0\0\0\0\0\x80\x02\0\0\x2f\
\0\0\0\xdc\x14\0\0\0\0\0\0\xab\x15\0\0\x04\0\0\0\x48\x02\0\0\x2f\0\0\0\xdc\x14\
\0\0\0\0\0\0\x58\x02\0\0\x2f\0\0\0\xd6\x14\0\0\0\0\0\0\x68\x02\0\0\x2f\0\0\0\
\xe2\x14\0\0\0\0\0\0\x78\x02\0\0\x2f\0\0\0\xe8\x14\0\0\0\0\0\0\xcf\x15\0\0\x03\
\0\0\0\x48\x02\0\0\x2f\0\0\0\xdc\x14\0\0\0\0\0\0\x58\x02\0\0\x2f\0\0\0\xd6\x14\
\0\0\0\0\0\0\x68\x02\0\0\x2f\0\0\0\xe2\x14\0\0\0\0\0\0\xf6\x15\0\0\x04\0\0\0\
\x38\x02\0\0\x2f\0\0\0\xd6\x14\0\0\0\0\0\0\xb0\x02\0\0\x2f\0\0\0\xdc\x14\0\0\0\
\0\0\0\xc0\x02\0\0\x2f\0\0\0\xe2\x14\0\0\0\0\0\0\xd0\x02\0\0\x2f\0\0\0\xe8\x14\
\0\0\0\0\0\0\x1b\x16\0\0\x03\0\0\0\x90\0\0\0\x2f\0\0\0\xe2\x14\0\0\0\0\0\0\x98\
\0\0\0\x2f\0\0\0\xd6\x14\0\0\0\0\0\0\xa0\0\0\0\x2f\0\0\0\xdc\x14\0\0\0\0\0\0\
\x3e\x16\0\0\x06\0\0\0\x48\x02\0\0\x2f\0\0\0\xdc\x14\0\0\0\0\0\0\x58\x02\0\0\
\x2f\0\0\0\xd6\x14\0\0\0\0\0\0\x68\x02\0\0\x2f\0\0\0\xe2\x14\0\0\0\0\0\0\x78\
\x02\0\0\x2f\0\0\0\xe8\x14\0\0\0\0\0\0\x88\x02\0\0\x2f\0\0\0\xee\x14\0\0\0\0\0\
\0\x98\x02\0\0\x2f\0\0\0\xf4\x14\0\0\0\0\0\0\x61\x16\0\0\x03\0\0\0\x48\x02\0\0\
\x2f\0\0\0\xdc\x14\0\0\0\0\0\0\x58\x02\0\0\x2f\0\0\0\xd6\x14\0\0\0\0\0\0\x68\
\x02\0\0\x2f\0\0\0\xe2\x14\0\0\0\0\0\0\x85\x16\0\0\x03\0\0\0\x38\x02\0\0\x2f\0\
\0\0\xdc\x14\0\0\0\0\0\0\xb0\x02\0\0\x2f\0\0\0\xd6\x14\0\0\0\0\0\0\xc0\x02\0\0\
\x2f\0\0\0\xe2\x14\0\0\0\0\0\0\xa9\x16\0\0\x05\0\0\0\x38\x02\0\0\x2f\0\0\0\xdc\
\x14\0\0\0\0\0\0\x68\x02\0\0\x2f\0\0\0\xd6\x14\0\0\0\0\0\0\x90\x02\0\0\x2f\0\0\
\0\xe2\x14\0\0\0\0\0\0\xe8\x02\0\0\x2f\0\0\0\xe8\x14\0\0\0\0\0\0\xf8\x02\0\0\
\x2f\0\0\0\xee\x14\0\0\0\0\0\0\xcd\x16\0\0\x02\0\0\0\x38\x02\0\0\x2f\0\0\0\xdc\
\x14\0\0\0\0\0\0\xb0\x02\0\0\x2f\0\0\0\xd6\x14\0\0\0\0\0\0\xf2\x16\0\0\x03\0\0\
\0\x48\x02\0\0\x2f\0\0\0\xdc\x14\0\0\0\0\0\0\x58\x02\0\0\x2f\0\0\0\xd6\x14\0\0\
\0\0\0\0\x68\x02\0\0\x2f\0\0\0\xe2\x14\0\0\0\0\0\0\x16\x17\0\0\x01\0\0\0\x48\
\x02\0\0\x2f\0\0\0\xdc\x14\0\0\0\0\0\0\x3b\x17\0\0\x01\0\0\0\x48\x02\0\0\x2f\0\
\0\0\xdc\x14\0\0\0\0\0\0\x60\x17\0\0\x02\0\0\0\x48\x02\0\0\x2f\0\0\0\xdc\x14\0\
\0\0\0\0\0\x58\x02\0\0\x2f\0\0\0\xd6\x14\0\0\0\0\0\0\x85\x17\0\0\x05\0\0\0\x48\
\x02\0\0\x2f\0\0\0\xdc\x14\0\0\0\0\0\0\x58\x02\0\0\x2f\0\0\0\xd6\x14\0\0\0\0\0\
\0\x68\x02\0\0\x2f\0\0\0\xe2\x14\0\0\0\0\0\0\x78\x02\0\0\x2f\0\0\0\xe8\x14\0\0\
\0\0\0\0\x88\x02\0\0\x2f\0\0\0\xee\x14\0\0\0\0\0\0\xa9\x17\0\0\x05\0\0\0\x48\
\x02\0\0\x2f\0\0\0\xdc\x14\0\0\0\0\0\0\x58\x02\0\0\x2f\0\0\0\xd6\x14\0\0\0\0\0\
\0\x68\x02\0\0\x2f\0\0\0\xe2\x14\0\0\0\0\0\0\x78\x02\0\0\x2f\0\0\0\xe8\x14\0\0\
\0\0\0\0\x88\x02\0\0\x2f\0\0\0\xee\x14\0\0\0\0\0\0\0\0\0\0\0\0\0\0\0\0\0\0\0\0\
\0\0\0\0\0\0\0\0\0\0\0\0\0\0\0\0\0\0\0\0\0\0\0\0\0\0\0\0\0\0\0\0\0\0\0\0\0\0\0\
\0\0\0\0\0\0\0\0\0\0\0\0\0\0\0\x01\0\0\0\x03\0\0\0\x20\0\0\0\0\0\0\0\0\0\0\0\0\
\0\0\0\x40\0\0\0\0\0\0\0\xed\x0d\0\0\0\0\0\0\0\0\0\0\0\0\0\0\x01\0\0\0\0\0\0\0\
\0\0\0\0\0\0\0\0\x09\0\0\0\x02\0\0\0\0\0\0\0\0\0\0\0\0\0\0\0\0\0\0\0\x30\x0e\0\
\0\0\0\0\0\xc8\x16\0\0\0\0\0\0\x01\0\0\0\0\0\0\0\x08\0\0\0\0\0\0\0\x18\0\0\0\0\
\0\0\0\x11\0\0\0\x01\0\0\0\x06\0\0\0\0\0\0\0\0\0\0\0\0\0\0\0\xf8\x24\0\0\0\0\0\
\0\x38\x03\0\0\0\0\0\0\0\0\0\0\0\0\0\0\x08\0\0\0\0\0\0\0\0\0\0\0\0\0\0\0\x1c\0\
\0\0\x01\0\0\0\x06\0\0\0\0\0\0\0\0\0\0\0\0\0\0\0\x30\x28\0\0\0\0\0\0\xd0\0\0\0\
\0\0\0\0\0\0\0\0\0\0\0\0\x08\0\0\0\0\0\0\0\0\0\0\0\0\0\0\0\x41\0\0\0\x01\0\0\0\
\x06\0\0\0\0\0\0\0\0\0\0\0\0\0\0\0\0\x29\0\0\0\0\0\0\xa0\x02\0\0\0\0\0\0\0\0\0\
\0\0\0\0\0\x08\0\0\0\0\0\0\0\0\0\0\0\0\0\0\0\x64\0\0\0\x01\0\0\0\x06\0\0\0\0\0\
\0\0\0\0\0\0\0\0\0\0\xa0\x2b\0\0\0\0\0\0\xf8\x02\0\0\0\0\0\0\0\0\0\0\0\0\0\0\
\x08\0\0\0\0\0\0\0\0\0\0\0\0\0\0\0\x89\0\0\0\x01\0\0\0\x06\0\0\0\0\0\0\0\0\0\0\
\0\0\0\0\0\x98\x2e\0\0\0\0\0\0\x68\x02\0\0\0\0\0\0\0\0\0\0\0\0\0\0\x08\0\0\0\0\
\0\0\0\0\0\0\0\0\0\0\0\xac\0\0\0\x01\0\0\0\x06\0\0\0\0\0\0\0\0\0\0\0\0\0\0\0\0\
\x31\0\0\0\0\0\0\xb0\x02\0\0\0\0\0\0\0\0\0\0\0\0\0\0\x08\0\0\0\0\0\0\0\0\0\0\0\
\0\0\0\0\xd0\0\0\0\x01\0\0\0\x06\0\0\0\0\0\0\0\0\0\0\0\0\0\0\0\xb0\x33\0\0\0\0\
\0\0\xa0\x02\0\0\0\0\0\0\0\0\0\0\0\0\0\0\x08\0\0\0\0\0\0\0\0\0\0\0\0\0\0\0\xf7\
\0\0\0\x01\0\0\0\x06\0\0\0\0\0\0\0\0\0\0\0\0\0\0\0\x50\x36\0\0\0\0\0\0\x08\x03\
\0\0\0\0\0\0\0\0\0\0\0\0\0\0\x08\0\0\0\0\0\0\0\0\0\0\0\0\0\0\0\x1c\x01\0\0\x01\
\0\0\0\x06\0\0\0\0\0\0\0\0\0\0\0\0\0\0\0\x58\x39\0\0\0\0\0\0\x58\x01\0\0\0\0\0\
\0\0\0\0\0\0\0\0\0\x08\0\0\0\0\0\0\0\0\0\0\0\0\0\0\0\x3f\x01\0\0\x01\0\0\0\x06\
\0\0\0\0\0\0\0\0\0\0\0\0\0\0\0\xb0\x3a\0\0\0\0\0\0\xd0\x02\0\0\0\0\0\0\0\0\0\0\
\0\0\0\0\x08\0\0\0\0\0\0\0\0\0\0\0\0\0\0\0\x62\x01\0\0\x01\0\0\0\x06\0\0\0\0\0\
\0\0\0\0\0\0\0\0\0\0\x80\x3d\0\0\0\0\0\0\xa0\x02\0\0\0\0\0\0\0\0\0\0\0\0\0\0\
\x08\0\0\0\0\0\0\0\0\0\0\0\0\0\0\0\x86\x01\0\0\x01\0\0\0\x06\0\0\0\0\0\0\0\0\0\
\0\0\0\0\0\0\x20\x40\0\0\0\0\0\0\xf8\x02\0\0\0\0\0\0\0\0\0\0\0\0\0\0\x08\0\0\0\
\0\0\0\0\0\0\0\0\0\0\0\0\xaa\x01\0\0\x01\0\0\0\x06\0\0\0\0\0\0\0\0\0\0\0\0\0\0\
\0\x18\x43\0\0\0\0\0\0\x30\x03\0\0\0\0\0\0\0\0\0\0\0\0\0\0\x08\0\0\0\0\0\0\0\0\
\0\0\0\0\0\0\0\xce\x01\0\0\x01\0\0\0\x06\0\0\0\0\0\0\0\0\0\0\0\0\0\0\0\x48\x46\
\0\0\0\0\0\0\xe8\x02\0\0\0\0\0\0\0\0\0\0\0\0\0\0\x08\0\0\0\0\0\0\0\0\0\0\0\0\0\
\0\0\xf3\x01\0\0\x01\0\0\0\x06\0\0\0\0\0\0\0\0\0\0\0\0\0\0\0\x30\x49\0\0\0\0\0\
\0\xa0\x02\0\0\0\0\0\0\0\0\0\0\0\0\0\0\x08\0\0\0\0\0\0\0\0\0\0\0\0\0\0\0\x17\
\x02\0\0\x01\0\0\0\x06\0\0\0\0\0\0\0\0\0\0\0\0\0\0\0\xd0\x4b\0\0\0\0\0\0\x80\
\x02\0\0\0\0\0\0\0\0\0\0\0\0\0\0\x08\0\0\0\0\0\0\0\0\0\0\0\0\0\0\0\x3c\x02\0\0\
\x01\0\0\0\x06\0\0\0\0\0\0\0\0\0\0\0\0\0\0\0\x50\x4e\0\0\0\0\0\0\x80\x02\0\0\0\
\0\0\0\0\0\0\0\0\0\0\0\x08\0\0\0\0\0\0\0\0\0\0\0\0\0\0\0\x61\x02\0\0\x01\0\0\0\
\x06\0\0\0\0\0\0\0\0\0\0\0\0\0\0\0\xd0\x50\0\0\0\0\0\0\x90\x02\0\0\0\0\0\0\0\0\
\0\0\0\0\0\0\x08\0\0\0\0\0\0\0\0\0\0\0\0\0\0\0\x86\x02\0\0\x01\0\0\0\x06\0\0\0\
\0\0\0\0\0\0\0\0\0\0\0\0\x60\x53\0\0\0\0\0\0\xc0\x02\0\0\0\0\0\0\0\0\0\0\0\0\0\
\0\x08\0\0\0\0\0\0\0\0\0\0\0\0\0\0\0\xaa\x02\0\0\x01\0\0\0\x06\0\0\0\0\0\0\0\0\
\0\0\0\0\0\0\0\x20\x56\0\0\0\0\0\0\xc0\x02\0\0\0\0\0\0\0\0\0\0\0\0\0\0\x08\0\0\
\0\0\0\0\0\0\0\0\0\0\0\0\0\xcf\x02\0\0\x01\0\0\0\x03\0\0\0\0\0\0\0\0\0\0\0\0\0\
\0\0\xe0\x58\0\0\0\0\0\0\x90\0\0\0\0\0\0\0\0\0\0\0\0\0\0\0\x08\0\0\0\0\0\0\0\0\
\0\0\0\0\0\0\0\xd5\x02\0\0\x01\0\0\0\x02\0\0\0\0\0\0\0\0\0\0\0\0\0\0\0\x70\x59\
\0\0\0\0\0\0\xc2\0\0\0\0\0\0\0\0\0\0\0\0\0\0\0\x01\0\0\0\0\0\0\0\0\0\0\0\0\0\0\
\0\xdd\x02\0\0\x01\0\0\0\x32\0\0\0\0\0\0\0\0\0\0\0\0\0\0\0\x32\x5a\0\0\0\0\0\0\
\x01\0\0\0\0\0\0\0\0\0\0\0\0\0\0\0\x01\0\0\0\0\0\0\0\x01\0\0\0\0\0\0\0\xec\x02\
\0\0\x01\0\0\0\x03\0\0\0\0\0\0\0\0\0\0\0\0\0\0\0\x33\x5a\0\0\0\0\0\0\x04\0\0\0\
\0\0\0\0\0\0\0\0\0\0\0\0\x01\0\0\0\0\0\0\0\0\0\0\0\0\0\0\0\xd1\x0a\0\0\x09\0\0\
\0\x40\0\0\0\0\0\0\0\0\0\0\0\0\0\0\0\x38\x5a\0\0\0\0\0\0\x60\0\0\0\0\0\0\0\x02\
\0\0\0\x03\0\0\0\x08\0\0\0\0\0\0\0\x10\0\0\0\0\0\0\0\xe0\x0a\0\0\x09\0\0\0\x40\
\0\0\0\0\0\0\0\0\0\0\0\0\0\0\0\x98\x5a\0\0\0\0\0\0\x10\0\0\0\0\0\0\0\x02\0\0\0\
\x04\0\0\0\x08\0\0\0\0\0\0\0\x10\0\0\0\0\0\0\0\x09\x0b\0\0\x09\0\0\0\x40\0\0\0\
\0\0\0\0\0\0\0\0\0\0\0\0\xa8\x5a\0\0\0\0\0\0\x40\0\0\0\0\0\0\0\x02\0\0\0\x05\0\
\0\0\x08\0\0\0\0\0\0\0\x10\0\0\0\0\0\0\0\x30\x0b\0\0\x09\0\0\0\x40\0\0\0\0\0\0\
\0\0\0\0\0\0\0\0\0\xe8\x5a\0\0\0\0\0\0\x40\0\0\0\0\0\0\0\x02\0\0\0\x06\0\0\0\
\x08\0\0\0\0\0\0\0\x10\0\0\0\0\0\0\0\x59\x0b\0\0\x09\0\0\0\x40\0\0\0\0\0\0\0\0\
\0\0\0\0\0\0\0\x28\x5b\0\0\0\0\0\0\x40\0\0\0\0\0\0\0\x02\0\0\0\x07\0\0\0\x08\0\
\0\0\0\0\0\0\x10\0\0\0\0\0\0\0\x80\x0b\0\0\x09\0\0\0\x40\0\0\0\0\0\0\0\0\0\0\0\
\0\0\0\0\x68\x5b\0\0\0\0\0\0\x40\0\0\0\0\0\0\0\x02\0\0\0\x08\0\0\0\x08\0\0\0\0\
\0\0\0\x10\0\0\0\0\0\0\0\xa8\x0b\0\0\x09\0\0\0\x40\0\0\0\0\0\0\0\0\0\0\0\0\0\0\
\0\xa8\x5b\0\0\0\0\0\0\x40\0\0\0\0\0\0\0\x02\0\0\0\x09\0\0\0\x08\0\0\0\0\0\0\0\
\x10\0\0\0\0\0\0\0\xd3\x0b\0\0\x09\0\0\0\x40\0\0\0\0\0\0\0\0\0\0\0\0\0\0\0\xe8\
\x5b\0\0\0\0\0\0\x40\0\0\0\0\0\0\0\x02\0\0\0\x0a\0\0\0\x08\0\0\0\0\0\0\0\x10\0\
\0\0\0\0\0\0\xfc\x0b\0\0\x09\0\0\0\x40\0\0\0\0\0\0\0\0\0\0\0\0\0\0\0\x28\x5c\0\
\0\0\0\0\0\x30\0\0\0\0\0\0\0\x02\0\0\0\x0b\0\0\0\x08\0\0\0\0\0\0\0\x10\0\0\0\0\
\0\0\0\x23\x0c\0\0\x09\0\0\0\x40\0\0\0\0\0\0\0\0\0\0\0\0\0\0\0\x58\x5c\0\0\0\0\
\0\0\x40\0\0\0\0\0\0\0\x02\0\0\0\x0c\0\0\0\x08\0\0\0\0\0\0\0\x10\0\0\0\0\0\0\0\
\x4a\x0c\0\0\x09\0\0\0\x40\0\0\0\0\0\0\0\0\0\0\0\0\0\0\0\x98\x5c\0\0\0\0\0\0\
\x40\0\0\0\0\0\0\0\x02\0\0\0\x0d\0\0\0\x08\0\0\0\0\0\0\0\x10\0\0\0\0\0\0\0\x72\
\x0c\0\0\x09\0\0\0\x40\0\0\0\0\0\0\0\0\0\0\0\0\0\0\0\xd8\x5c\0\0\0\0\0\0\x40\0\
\0\0\0\0\0\0\x02\0\0\0\x0e\0\0\0\x08\0\0\0\0\0\0\0\x10\0\0\0\0\0\0\0\x9a\x0c\0\
\0\x09\0\0\0\x40\0\0\0\0\0\0\0\0\0\0\0\0\0\0\0\x18\x5d\0\0\0\0\0\0\x40\0\0\0\0\
\0\0\0\x02\0\0\0\x0f\0\0\0\x08\0\0\0\0\0\0\0\x10\0\0\0\0\0\0\0\xc2\x0c\0\0\x09\
\0\0\0\x40\0\0\0\0\0\0\0\0\0\0\0\0\0\0\0\x58\x5d\0\0\0\0\0\0\x40\0\0\0\0\0\0\0\
\x02\0\0\0\x10\0\0\0\x08\0\0\0\0\0\0\0\x10\0\0\0\0\0\0\0\xeb\x0c\0\0\x09\0\0\0\
\x40\0\0\0\0\0\0\0\0\0\0\0\0\0\0\0\x98\x5d\0\0\0\0\0\0\x40\0\0\0\0\0\0\0\x02\0\
\0\0\x11\0\0\0\x08\0\0\0\0\0\0\0\x10\0\0\0\0\0\0\0\x13\x0d\0\0\x09\0\0\0\x40\0\
\0\0\0\0\0\0\0\0\0\0\0\0\0\0\xd8\x5d\0\0\0\0\0\0\x40\0\0\0\0\0\0\0\x02\0\0\0\
\x12\0\0\0\x08\0\0\0\0\0\0\0\x10\0\0\0\0\0\0\0\x3c\x0d\0\0\x09\0\0\0\x40\0\0\0\
\0\0\0\0\0\0\0\0\0\0\0\0\x18\x5e\0\0\0\0\0\0\x40\0\0\0\0\0\0\0\x02\0\0\0\x13\0\
\0\0\x08\0\0\0\0\0\0\0\x10\0\0\0\0\0\0\0\x65\x0d\0\0\x09\0\0\0\x40\0\0\0\0\0\0\
\0\0\0\0\0\0\0\0\0\x58\x5e\0\0\0\0\0\0\x40\0\0\0\0\0\0\0\x02\0\0\0\x14\0\0\0\
\x08\0\0\0\0\0\0\0\x10\0\0\0\0\0\0\0\x8e\x0d\0\0\x09\0\0\0\x40\0\0\0\0\0\0\0\0\
\0\0\0\0\0\0\0\x98\x5e\0\0\0\0\0\0\x40\0\0\0\0\0\0\0\x02\0\0\0\x15\0\0\0\x08\0\
\0\0\0\0\0\0\x10\0\0\0\0\0\0\0\xb6\x0d\0\0\x09\0\0\0\x40\0\0\0\0\0\0\0\0\0\0\0\
\0\0\0\0\xd8\x5e\0\0\0\0\0\0\x40\0\0\0\0\0\0\0\x02\0\0\0\x16\0\0\0\x08\0\0\0\0\
\0\0\0\x10\0\0\0\0\0\0\0\xdf\x0d\0\0\x01\0\0\0\0\0\0\0\0\0\0\0\0\0\0\0\0\0\0\0\
\x18\x5f\0\0\0\0\0\0\x96\x1f\0\0\0\0\0\0\0\0\0\0\0\0\0\0\x08\0\0\0\0\0\0\0\0\0\
\0\0\0\0\0\0\xe4\x0d\0\0\x01\0\0\0\0\0\0\0\0\0\0\0\0\0\0\0\0\0\0\0\xb0\x7e\0\0\
\0\0\0\0\x4c\x2f\0\0\0\0\0\0\0\0\0\0\0\0\0\0\x08\0\0\0\0\0\0\0\0\0\0\0\0\0\0\0";

	*sz = sizeof(data) - 1;
	return (const void *)data;
}

#ifdef __cplusplus
struct eptracer_bpf *eptracer_bpf::open(const struct bpf_object_open_opts *opts) { return eptracer_bpf__open_opts(opts); }
struct eptracer_bpf *eptracer_bpf::open_and_load() { return eptracer_bpf__open_and_load(); }
int eptracer_bpf::load(struct eptracer_bpf *skel) { return eptracer_bpf__load(skel); }
int eptracer_bpf::attach(struct eptracer_bpf *skel) { return eptracer_bpf__attach(skel); }
void eptracer_bpf::detach(struct eptracer_bpf *skel) { eptracer_bpf__detach(skel); }
void eptracer_bpf::destroy(struct eptracer_bpf *skel) { eptracer_bpf__destroy(skel); }
const void *eptracer_bpf::elf_bytes(size_t *sz) { return eptracer_bpf__elf_bytes(sz); }
#endif /* __cplusplus */

__attribute__((unused)) static void
eptracer_bpf__assert(struct eptracer_bpf *s __attribute__((unused)))
{
#ifdef __cplusplus
#define _Static_assert static_assert
#endif
#ifdef __cplusplus
#undef _Static_assert
#endif
}

#endif /* __EPTRACER_BPF_SKEL_H__ */
